DROP TABLE IF EXISTS "Trades" CASCADE;
DROP TABLE IF EXISTS "RosterPositions" CASCADE;
DROP TABLE IF EXISTS "PriceHistories" CASCADE;
DROP TABLE IF EXISTS "ProtectedMatches" CASCADE;
DROP TABLE IF EXISTS "Offers" CASCADE;
DROP TABLE IF EXISTS "Entries" CASCADE;
DROP TABLE IF EXISTS "NFLPlayers" CASCADE;
DROP TABLE IF EXISTS "NFLTeams" CASCADE;
DROP TABLE IF EXISTS "NFLDivisions" CASCADE;
DROP TABLE IF EXISTS "NFLPositions" CASCADE;
DROP TABLE IF EXISTS "Memberships" CASCADE;
DROP TABLE IF EXISTS "Contests" CASCADE;
DROP TABLE IF EXISTS "Leagues" CASCADE;
DROP TABLE IF EXISTS "Users" CASCADE;
DROP TABLE IF EXISTS "Users" CASCADE;
CREATE TABLE IF NOT EXISTS "Users" ("id"  SERIAL , "email" VARCHAR(255) NOT NULL UNIQUE, "pwHash" VARCHAR(255) NOT NULL, "name" VARCHAR(255) NOT NULL, "createdAt" TIMESTAMP WITH TIME ZONE NOT NULL, "updatedAt" TIMESTAMP WITH TIME ZONE NOT NULL, PRIMARY KEY ("id"));
SELECT i.relname AS name, ix.indisprimary AS primary, ix.indisunique AS unique, ix.indkey AS indkey, array_agg(a.attnum) as column_indexes, array_agg(a.attname) AS column_names, pg_get_indexdef(ix.indexrelid) AS definition FROM pg_class t, pg_class i, pg_index ix, pg_attribute a WHERE t.oid = ix.indrelid AND i.oid = ix.indexrelid AND a.attrelid = t.oid AND t.relkind = 'r' and t.relname = 'Users' GROUP BY i.relname, ix.indexrelid, ix.indisprimary, ix.indisunique, ix.indkey ORDER BY i.relname;
DROP TABLE IF EXISTS "Leagues" CASCADE;
CREATE TABLE IF NOT EXISTS "Leagues" ("id"   SERIAL , "name" VARCHAR(255) NOT NULL UNIQUE, "adminId" INTEGER NOT NULL REFERENCES "Users" ("id"), "ispublic" BOOLEAN NOT NULL, "createdAt" TIMESTAMP WITH TIME ZONE NOT NULL, "updatedAt" TIMESTAMP WITH TIME ZONE NOT NULL, PRIMARY KEY ("id"));
SELECT i.relname AS name, ix.indisprimary AS primary, ix.indisunique AS unique, ix.indkey AS indkey, array_agg(a.attnum) as column_indexes, array_agg(a.attname) AS column_names, pg_get_indexdef(ix.indexrelid) AS definition FROM pg_class t, pg_class i, pg_index ix, pg_attribute a WHERE t.oid = ix.indrelid AND i.oid = ix.indexrelid AND a.attrelid = t.oid AND t.relkind = 'r' and t.relname = 'Leagues' GROUP BY i.relname, ix.indexrelid, ix.indisprimary, ix.indisunique, ix.indkey ORDER BY i.relname;
DROP TABLE IF EXISTS "Contests" CASCADE;
CREATE TABLE IF NOT EXISTS "Contests" ("id"   SERIAL , "name" VARCHAR(255) NOT NULL, "nflweek" INTEGER NOT NULL, "LeagueId" INTEGER NOT NULL REFERENCES "Leagues" ("id"), "budget" INTEGER NOT NULL, "createdAt" TIMESTAMP WITH TIME ZONE NOT NULL, "updatedAt" TIMESTAMP WITH TIME ZONE NOT NULL, PRIMARY KEY ("id"));
SELECT i.relname AS name, ix.indisprimary AS primary, ix.indisunique AS unique, ix.indkey AS indkey, array_agg(a.attnum) as column_indexes, array_agg(a.attname) AS column_names, pg_get_indexdef(ix.indexrelid) AS definition FROM pg_class t, pg_class i, pg_index ix, pg_attribute a WHERE t.oid = ix.indrelid AND i.oid = ix.indexrelid AND a.attrelid = t.oid AND t.relkind = 'r' and t.relname = 'Contests' GROUP BY i.relname, ix.indexrelid, ix.indisprimary, ix.indisunique, ix.indkey ORDER BY i.relname;
DROP TABLE IF EXISTS "Memberships" CASCADE;
CREATE TABLE IF NOT EXISTS "Memberships" ("UserId" INTEGER NOT NULL  REFERENCES "Users" ("id") ON DELETE CASCADE ON UPDATE CASCADE, "LeagueId" INTEGER NOT NULL  REFERENCES "Leagues" ("id") ON DELETE CASCADE ON UPDATE CASCADE, "createdAt" TIMESTAMP WITH TIME ZONE NOT NULL, "updatedAt" TIMESTAMP WITH TIME ZONE NOT NULL, PRIMARY KEY ("UserId","LeagueId"));
SELECT i.relname AS name, ix.indisprimary AS primary, ix.indisunique AS unique, ix.indkey AS indkey, array_agg(a.attnum) as column_indexes, array_agg(a.attname) AS column_names, pg_get_indexdef(ix.indexrelid) AS definition FROM pg_class t, pg_class i, pg_index ix, pg_attribute a WHERE t.oid = ix.indrelid AND i.oid = ix.indexrelid AND a.attrelid = t.oid AND t.relkind = 'r' and t.relname = 'Memberships' GROUP BY i.relname, ix.indexrelid, ix.indisprimary, ix.indisunique, ix.indkey ORDER BY i.relname;
DROP TABLE IF EXISTS "NFLPositions" CASCADE;
CREATE TABLE IF NOT EXISTS "NFLPositions" ("id" INTEGER , "name" VARCHAR(255) NOT NULL, "canflex" BOOLEAN NOT NULL DEFAULT false, "createdAt" TIMESTAMP WITH TIME ZONE NOT NULL, "updatedAt" TIMESTAMP WITH TIME ZONE NOT NULL, PRIMARY KEY ("id"));
SELECT i.relname AS name, ix.indisprimary AS primary, ix.indisunique AS unique, ix.indkey AS indkey, array_agg(a.attnum) as column_indexes, array_agg(a.attname) AS column_names, pg_get_indexdef(ix.indexrelid) AS definition FROM pg_class t, pg_class i, pg_index ix, pg_attribute a WHERE t.oid = ix.indrelid AND i.oid = ix.indexrelid AND a.attrelid = t.oid AND t.relkind = 'r' and t.relname = 'NFLPositions' GROUP BY i.relname, ix.indexrelid, ix.indisprimary, ix.indisunique, ix.indkey ORDER BY i.relname;
DROP TABLE IF EXISTS "NFLDivisions" CASCADE;
CREATE TABLE IF NOT EXISTS "NFLDivisions" ("id" INTEGER , "name" VARCHAR(255) NOT NULL, "isafc" BOOLEAN NOT NULL, "createdAt" TIMESTAMP WITH TIME ZONE NOT NULL, "updatedAt" TIMESTAMP WITH TIME ZONE NOT NULL, PRIMARY KEY ("id"));
SELECT i.relname AS name, ix.indisprimary AS primary, ix.indisunique AS unique, ix.indkey AS indkey, array_agg(a.attnum) as column_indexes, array_agg(a.attname) AS column_names, pg_get_indexdef(ix.indexrelid) AS definition FROM pg_class t, pg_class i, pg_index ix, pg_attribute a WHERE t.oid = ix.indrelid AND i.oid = ix.indexrelid AND a.attrelid = t.oid AND t.relkind = 'r' and t.relname = 'NFLDivisions' GROUP BY i.relname, ix.indexrelid, ix.indisprimary, ix.indisunique, ix.indkey ORDER BY i.relname;
DROP TABLE IF EXISTS "NFLTeams" CASCADE;
CREATE TABLE IF NOT EXISTS "NFLTeams" ("id" INTEGER , "location" VARCHAR(255), "name" VARCHAR(255), "abr" VARCHAR(255) NOT NULL UNIQUE, "gamePhase" VARCHAR(255) NOT NULL, "NFLDivisionId" INTEGER NOT NULL REFERENCES "NFLDivisions" ("id"), "createdAt" TIMESTAMP WITH TIME ZONE NOT NULL, "updatedAt" TIMESTAMP WITH TIME ZONE NOT NULL, PRIMARY KEY ("id"));
SELECT i.relname AS name, ix.indisprimary AS primary, ix.indisunique AS unique, ix.indkey AS indkey, array_agg(a.attnum) as column_indexes, array_agg(a.attname) AS column_names, pg_get_indexdef(ix.indexrelid) AS definition FROM pg_class t, pg_class i, pg_index ix, pg_attribute a WHERE t.oid = ix.indrelid AND i.oid = ix.indexrelid AND a.attrelid = t.oid AND t.relkind = 'r' and t.relname = 'NFLTeams' GROUP BY i.relname, ix.indexrelid, ix.indisprimary, ix.indisunique, ix.indkey ORDER BY i.relname;
DROP TABLE IF EXISTS "NFLPlayers" CASCADE;
CREATE TABLE IF NOT EXISTS "NFLPlayers" ("id" INTEGER , "name" VARCHAR(255) NOT NULL, "jersey" INTEGER, "preprice" INTEGER, "postprice" INTEGER, "NFLPositionId" INTEGER NOT NULL REFERENCES "NFLPositions" ("id") ON DELETE NO ACTION ON UPDATE CASCADE, "NFLTeamId" INTEGER NOT NULL REFERENCES "NFLTeams" ("id") ON DELETE NO ACTION ON UPDATE CASCADE, "createdAt" TIMESTAMP WITH TIME ZONE NOT NULL, "updatedAt" TIMESTAMP WITH TIME ZONE NOT NULL, PRIMARY KEY ("id"));
SELECT i.relname AS name, ix.indisprimary AS primary, ix.indisunique AS unique, ix.indkey AS indkey, array_agg(a.attnum) as column_indexes, array_agg(a.attname) AS column_names, pg_get_indexdef(ix.indexrelid) AS definition FROM pg_class t, pg_class i, pg_index ix, pg_attribute a WHERE t.oid = ix.indrelid AND i.oid = ix.indexrelid AND a.attrelid = t.oid AND t.relkind = 'r' and t.relname = 'NFLPlayers' GROUP BY i.relname, ix.indexrelid, ix.indisprimary, ix.indisunique, ix.indkey ORDER BY i.relname;
DROP TABLE IF EXISTS "Entries" CASCADE;
CREATE TABLE IF NOT EXISTS "Entries" ("pointtotal" INTEGER NOT NULL, "UserId" INTEGER  REFERENCES "Users" ("id") ON DELETE CASCADE ON UPDATE CASCADE, "ContestId" INTEGER  REFERENCES "Contests" ("id") ON DELETE CASCADE ON UPDATE CASCADE, "QB1" INTEGER REFERENCES "NFLPlayers" ("id"), "RB1" INTEGER REFERENCES "NFLPlayers" ("id"), "RB2" INTEGER REFERENCES "NFLPlayers" ("id"), "WR1" INTEGER REFERENCES "NFLPlayers" ("id"), "WR2" INTEGER REFERENCES "NFLPlayers" ("id"), "TE1" INTEGER REFERENCES "NFLPlayers" ("id"), "FLEX1" INTEGER REFERENCES "NFLPlayers" ("id"), "FLEX2" INTEGER REFERENCES "NFLPlayers" ("id"), "K1" INTEGER REFERENCES "NFLPlayers" ("id"), "DEF1" INTEGER REFERENCES "NFLPlayers" ("id"), "createdAt" TIMESTAMP WITH TIME ZONE NOT NULL, "updatedAt" TIMESTAMP WITH TIME ZONE NOT NULL, PRIMARY KEY ("UserId","ContestId"));
SELECT i.relname AS name, ix.indisprimary AS primary, ix.indisunique AS unique, ix.indkey AS indkey, array_agg(a.attnum) as column_indexes, array_agg(a.attname) AS column_names, pg_get_indexdef(ix.indexrelid) AS definition FROM pg_class t, pg_class i, pg_index ix, pg_attribute a WHERE t.oid = ix.indrelid AND i.oid = ix.indexrelid AND a.attrelid = t.oid AND t.relkind = 'r' and t.relname = 'Entries' GROUP BY i.relname, ix.indexrelid, ix.indisprimary, ix.indisunique, ix.indkey ORDER BY i.relname;
DROP TABLE IF EXISTS "Offers" CASCADE;
CREATE TABLE IF NOT EXISTS "Offers" ("id" UUID , "isbid" BOOLEAN NOT NULL, "price" INTEGER NOT NULL, "protected" BOOLEAN NOT NULL DEFAULT false, "filled" BOOLEAN NOT NULL DEFAULT false, "cancelled" BOOLEAN NOT NULL DEFAULT false, "UserId" INTEGER NOT NULL REFERENCES "Users" ("id") ON DELETE CASCADE ON UPDATE CASCADE, "ContestId" INTEGER NOT NULL REFERENCES "Contests" ("id"), "NFLPlayerId" INTEGER NOT NULL REFERENCES "NFLPlayers" ("id"), "createdAt" TIMESTAMP WITH TIME ZONE NOT NULL, "updatedAt" TIMESTAMP WITH TIME ZONE NOT NULL, PRIMARY KEY ("id"));
SELECT i.relname AS name, ix.indisprimary AS primary, ix.indisunique AS unique, ix.indkey AS indkey, array_agg(a.attnum) as column_indexes, array_agg(a.attname) AS column_names, pg_get_indexdef(ix.indexrelid) AS definition FROM pg_class t, pg_class i, pg_index ix, pg_attribute a WHERE t.oid = ix.indrelid AND i.oid = ix.indexrelid AND a.attrelid = t.oid AND t.relkind = 'r' and t.relname = 'Offers' GROUP BY i.relname, ix.indexrelid, ix.indisprimary, ix.indisunique, ix.indkey ORDER BY i.relname;
CREATE INDEX "IX_Offer-Active" ON "Offers" ("id") WHERE "filled" = false AND "cancelled" = false;
CREATE UNIQUE INDEX "IX_Offer-OneActive" ON "Offers" ("UserId", "ContestId", "NFLPlayerId") WHERE "filled" = false AND "cancelled" = false;
DROP TABLE IF EXISTS "ProtectedMatches" CASCADE;
CREATE TABLE IF NOT EXISTS "ProtectedMatches" ("existingId" UUID  REFERENCES "Offers" ("id"), "newId" UUID  REFERENCES "Offers" ("id"), "createdAt" TIMESTAMP WITH TIME ZONE NOT NULL, "updatedAt" TIMESTAMP WITH TIME ZONE NOT NULL, PRIMARY KEY ("existingId","newId"));
SELECT i.relname AS name, ix.indisprimary AS primary, ix.indisunique AS unique, ix.indkey AS indkey, array_agg(a.attnum) as column_indexes, array_agg(a.attname) AS column_names, pg_get_indexdef(ix.indexrelid) AS definition FROM pg_class t, pg_class i, pg_index ix, pg_attribute a WHERE t.oid = ix.indrelid AND i.oid = ix.indexrelid AND a.attrelid = t.oid AND t.relkind = 'r' and t.relname = 'ProtectedMatches' GROUP BY i.relname, ix.indexrelid, ix.indisprimary, ix.indisunique, ix.indkey ORDER BY i.relname;
DROP TABLE IF EXISTS "PriceHistories" CASCADE;
CREATE TABLE IF NOT EXISTS "PriceHistories" ("id"   SERIAL , "lastTradePrice" INTEGER, "ContestId" INTEGER NOT NULL REFERENCES "Contests" ("id"), "NFLPlayerId" INTEGER NOT NULL REFERENCES "NFLPlayers" ("id"), "createdAt" TIMESTAMP WITH TIME ZONE NOT NULL, "updatedAt" TIMESTAMP WITH TIME ZONE NOT NULL, PRIMARY KEY ("id"));
SELECT i.relname AS name, ix.indisprimary AS primary, ix.indisunique AS unique, ix.indkey AS indkey, array_agg(a.attnum) as column_indexes, array_agg(a.attname) AS column_names, pg_get_indexdef(ix.indexrelid) AS definition FROM pg_class t, pg_class i, pg_index ix, pg_attribute a WHERE t.oid = ix.indrelid AND i.oid = ix.indexrelid AND a.attrelid = t.oid AND t.relkind = 'r' and t.relname = 'PriceHistories' GROUP BY i.relname, ix.indexrelid, ix.indisprimary, ix.indisunique, ix.indkey ORDER BY i.relname;
DROP TABLE IF EXISTS "RosterPositions" CASCADE;
CREATE TABLE IF NOT EXISTS "RosterPositions" ("id"  SERIAL , "name" VARCHAR(255) NOT NULL, "NFLPositionId" INTEGER NOT NULL REFERENCES "NFLPositions" ("id"), "createdAt" TIMESTAMP WITH TIME ZONE NOT NULL, "updatedAt" TIMESTAMP WITH TIME ZONE NOT NULL, PRIMARY KEY ("id"));
SELECT i.relname AS name, ix.indisprimary AS primary, ix.indisunique AS unique, ix.indkey AS indkey, array_agg(a.attnum) as column_indexes, array_agg(a.attname) AS column_names, pg_get_indexdef(ix.indexrelid) AS definition FROM pg_class t, pg_class i, pg_index ix, pg_attribute a WHERE t.oid = ix.indrelid AND i.oid = ix.indexrelid AND a.attrelid = t.oid AND t.relkind = 'r' and t.relname = 'RosterPositions' GROUP BY i.relname, ix.indexrelid, ix.indisprimary, ix.indisunique, ix.indkey ORDER BY i.relname;
DROP TABLE IF EXISTS "Trades" CASCADE;
CREATE TABLE IF NOT EXISTS "Trades" ("price" INTEGER NOT NULL, "bidId" UUID NOT NULL  REFERENCES "Offers" ("id") ON DELETE NO ACTION ON UPDATE CASCADE, "askId" UUID NOT NULL  REFERENCES "Offers" ("id") ON DELETE NO ACTION ON UPDATE CASCADE, "createdAt" TIMESTAMP WITH TIME ZONE NOT NULL, "updatedAt" TIMESTAMP WITH TIME ZONE NOT NULL, "OfferId" UUID REFERENCES "Offers" ("id") ON DELETE SET NULL ON UPDATE CASCADE, PRIMARY KEY ("bidId","askId"));
SELECT i.relname AS name, ix.indisprimary AS primary, ix.indisunique AS unique, ix.indkey AS indkey, array_agg(a.attnum) as column_indexes, array_agg(a.attname) AS column_names, pg_get_indexdef(ix.indexrelid) AS definition FROM pg_class t, pg_class i, pg_index ix, pg_attribute a WHERE t.oid = ix.indrelid AND i.oid = ix.indexrelid AND a.attrelid = t.oid AND t.relkind = 'r' and t.relname = 'Trades' GROUP BY i.relname, ix.indexrelid, ix.indisprimary, ix.indisunique, ix.indkey ORDER BY i.relname;
INSERT INTO "NFLPositions" ("id","name","canflex","createdAt","updatedAt") VALUES (99,'FLEX',false,'2021-08-16 16:46:38.390 +00:00','2021-08-16 16:46:38.390 +00:00'),(1,'QB',false,'2021-08-16 16:46:38.390 +00:00','2021-08-16 16:46:38.390 +00:00'),(2,'RB',true,'2021-08-16 16:46:38.390 +00:00','2021-08-16 16:46:38.390 +00:00'),(3,'WR',true,'2021-08-16 16:46:38.390 +00:00','2021-08-16 16:46:38.390 +00:00'),(4,'TE',true,'2021-08-16 16:46:38.390 +00:00','2021-08-16 16:46:38.390 +00:00'),(5,'K',false,'2021-08-16 16:46:38.390 +00:00','2021-08-16 16:46:38.390 +00:00'),(6,'DEF',false,'2021-08-16 16:46:38.390 +00:00','2021-08-16 16:46:38.390 +00:00') RETURNING "id","name","canflex","createdAt","updatedAt";
INSERT INTO "RosterPositions" ("id","name","NFLPositionId","createdAt","updatedAt") VALUES (DEFAULT,'QB1',1,'2021-08-16 16:46:38.409 +00:00','2021-08-16 16:46:38.409 +00:00'),(DEFAULT,'RB1',2,'2021-08-16 16:46:38.409 +00:00','2021-08-16 16:46:38.409 +00:00'),(DEFAULT,'RB2',2,'2021-08-16 16:46:38.409 +00:00','2021-08-16 16:46:38.409 +00:00'),(DEFAULT,'WR1',3,'2021-08-16 16:46:38.409 +00:00','2021-08-16 16:46:38.409 +00:00'),(DEFAULT,'WR2',3,'2021-08-16 16:46:38.409 +00:00','2021-08-16 16:46:38.409 +00:00'),(DEFAULT,'TE1',4,'2021-08-16 16:46:38.409 +00:00','2021-08-16 16:46:38.409 +00:00'),(DEFAULT,'FLEX1',99,'2021-08-16 16:46:38.409 +00:00','2021-08-16 16:46:38.409 +00:00'),(DEFAULT,'FLEX2',99,'2021-08-16 16:46:38.409 +00:00','2021-08-16 16:46:38.409 +00:00'),(DEFAULT,'K1',5,'2021-08-16 16:46:38.409 +00:00','2021-08-16 16:46:38.409 +00:00'),(DEFAULT,'DEF1',6,'2021-08-16 16:46:38.409 +00:00','2021-08-16 16:46:38.409 +00:00') RETURNING "id","name","NFLPositionId","createdAt","updatedAt";
INSERT INTO "NFLDivisions" ("id","name","isafc","createdAt","updatedAt") VALUES (1,'NFC East',false,'2021-08-16 16:46:38.417 +00:00','2021-08-16 16:46:38.417 +00:00'),(2,'NFC West',false,'2021-08-16 16:46:38.417 +00:00','2021-08-16 16:46:38.417 +00:00'),(3,'NFC North',false,'2021-08-16 16:46:38.417 +00:00','2021-08-16 16:46:38.417 +00:00'),(4,'NFC South',false,'2021-08-16 16:46:38.417 +00:00','2021-08-16 16:46:38.417 +00:00'),(5,'AFC East',true,'2021-08-16 16:46:38.417 +00:00','2021-08-16 16:46:38.417 +00:00'),(6,'AFC West',true,'2021-08-16 16:46:38.417 +00:00','2021-08-16 16:46:38.417 +00:00'),(7,'AFC North',true,'2021-08-16 16:46:38.417 +00:00','2021-08-16 16:46:38.417 +00:00'),(8,'AFC South',true,'2021-08-16 16:46:38.417 +00:00','2021-08-16 16:46:38.417 +00:00') RETURNING "id","name","isafc","createdAt","updatedAt";
INSERT INTO "NFLTeams" ("id","location","name","abr","gamePhase","NFLDivisionId","createdAt","updatedAt") VALUES (1,'Arizona','Cardinals','ARI','pre',2,'2021-08-16 16:46:38.427 +00:00','2021-08-16 16:46:38.427 +00:00'),(2,'Atlanta','Falcons','ATL','pre',4,'2021-08-16 16:46:38.427 +00:00','2021-08-16 16:46:38.427 +00:00'),(3,'Baltimore','Ravens','BAL','pre',7,'2021-08-16 16:46:38.427 +00:00','2021-08-16 16:46:38.427 +00:00'),(4,'Buffalo','Bills','BUF','mid',5,'2021-08-16 16:46:38.427 +00:00','2021-08-16 16:46:38.427 +00:00'),(5,'Carolina','Panthers','CAR','pre',4,'2021-08-16 16:46:38.427 +00:00','2021-08-16 16:46:38.427 +00:00'),(6,'Chicago','Bears','CHI','pre',3,'2021-08-16 16:46:38.427 +00:00','2021-08-16 16:46:38.427 +00:00'),(7,'Cincinnati','Bengals','CIN','pre',7,'2021-08-16 16:46:38.427 +00:00','2021-08-16 16:46:38.427 +00:00'),(8,'Cleveland','Browns','CLE','pre',7,'2021-08-16 16:46:38.427 +00:00','2021-08-16 16:46:38.427 +00:00'),(9,'Dallas','Cowboys','DAL','pre',1,'2021-08-16 16:46:38.427 +00:00','2021-08-16 16:46:38.427 +00:00'),(10,'Denver','Broncos','DEN','pre',6,'2021-08-16 16:46:38.427 +00:00','2021-08-16 16:46:38.427 +00:00'),(11,'Detroit','Lions','DET','pre',3,'2021-08-16 16:46:38.427 +00:00','2021-08-16 16:46:38.427 +00:00'),(12,'Green Bay','Packers','GB','pre',3,'2021-08-16 16:46:38.427 +00:00','2021-08-16 16:46:38.427 +00:00'),(13,'Houston','Texans','HOU','pre',8,'2021-08-16 16:46:38.427 +00:00','2021-08-16 16:46:38.427 +00:00'),(14,'Indianapolis','Colts','IND','pre',8,'2021-08-16 16:46:38.427 +00:00','2021-08-16 16:46:38.427 +00:00'),(15,'Jacksonville','Jaguars','JAX','pre',8,'2021-08-16 16:46:38.427 +00:00','2021-08-16 16:46:38.427 +00:00'),(16,'Kansas City','Chiefs','KC','mid',6,'2021-08-16 16:46:38.427 +00:00','2021-08-16 16:46:38.427 +00:00'),(17,'Miami','Dolphins','MIA','pre',5,'2021-08-16 16:46:38.427 +00:00','2021-08-16 16:46:38.427 +00:00'),(18,'Minnesota','Vikings','MIN','pre',3,'2021-08-16 16:46:38.427 +00:00','2021-08-16 16:46:38.427 +00:00'),(19,'New England','Patriots','NE','pre',5,'2021-08-16 16:46:38.427 +00:00','2021-08-16 16:46:38.427 +00:00'),(20,'New Orleans','Saints','NO','pre',4,'2021-08-16 16:46:38.427 +00:00','2021-08-16 16:46:38.427 +00:00'),(21,'New York','Giants','NYG','pre',1,'2021-08-16 16:46:38.427 +00:00','2021-08-16 16:46:38.427 +00:00'),(22,'New York','Jets','NYJ','pre',5,'2021-08-16 16:46:38.427 +00:00','2021-08-16 16:46:38.427 +00:00'),(23,'Las Vegas','Raiders','LV','pre',6,'2021-08-16 16:46:38.427 +00:00','2021-08-16 16:46:38.427 +00:00'),(24,'Philadelphia','Eagles','PHI','mid',1,'2021-08-16 16:46:38.427 +00:00','2021-08-16 16:46:38.427 +00:00'),(25,'Pittsburgh','Steelers','PIT','pre',7,'2021-08-16 16:46:38.427 +00:00','2021-08-16 16:46:38.427 +00:00'),(26,'Los Angeles','Chargers','LAC','mid',6,'2021-08-16 16:46:38.427 +00:00','2021-08-16 16:46:38.427 +00:00'),(27,'San Francisco','49ers','SF','pre',2,'2021-08-16 16:46:38.427 +00:00','2021-08-16 16:46:38.427 +00:00'),(28,'Seattle','Seahawks','SEA','mid',2,'2021-08-16 16:46:38.427 +00:00','2021-08-16 16:46:38.427 +00:00'),(29,'Los Angeles','Rams','LAR','pre',2,'2021-08-16 16:46:38.427 +00:00','2021-08-16 16:46:38.427 +00:00'),(30,'Tampa Bay','Buccaneers','TB','pre',4,'2021-08-16 16:46:38.427 +00:00','2021-08-16 16:46:38.427 +00:00'),(31,'Tennessee','Titans','TEN','pre',8,'2021-08-16 16:46:38.427 +00:00','2021-08-16 16:46:38.427 +00:00'),(32,'Washington','Football Team','WAS','pre',1,'2021-08-16 16:46:38.427 +00:00','2021-08-16 16:46:38.427 +00:00') RETURNING "id","location","name","abr","gamePhase","NFLDivisionId","createdAt","updatedAt";
INSERT INTO "NFLPlayers" ("id","name","jersey","preprice","postprice","NFLPositionId","NFLTeamId","createdAt","updatedAt") VALUES (19045,'Aaron Jones',33,1100,700,2,12,'2021-08-16 16:46:38.441 +00:00','2021-08-16 16:46:38.441 +00:00'),(400983,'Aaron Parker',18,1100,700,3,9,'2021-08-16 16:46:38.441 +00:00','2021-08-16 16:46:38.441 +00:00'),(2593,'Aaron Rodgers',12,1100,700,1,12,'2021-08-16 16:46:38.441 +00:00','2021-08-16 16:46:38.441 +00:00'),(18931,'Adam Shaheen',80,1100,700,4,17,'2021-08-16 16:46:38.441 +00:00','2021-08-16 16:46:38.441 +00:00'),(15534,'Adam Thielen',19,1100,700,3,18,'2021-08-16 16:46:38.441 +00:00','2021-08-16 16:46:38.441 +00:00'),(400866,'Adrian Killins Jr.',46,1100,700,2,24,'2021-08-16 16:46:38.441 +00:00','2021-08-16 16:46:38.441 +00:00'),(4807,'Adrian Peterson',28,1100,700,2,11,'2021-08-16 16:46:38.441 +00:00','2021-08-16 16:46:38.441 +00:00'),(21042,'A.J. Brown',11,1100,700,3,31,'2021-08-16 16:46:38.441 +00:00','2021-08-16 16:46:38.441 +00:00'),(12845,'AJ Green',18,1100,700,3,1,'2021-08-16 16:46:38.441 +00:00','2021-08-16 16:46:38.441 +00:00'),(16116,'AJ McCarron',2,1100,700,1,13,'2021-08-16 16:46:38.441 +00:00','2021-08-16 16:46:38.441 +00:00'),(21318,'A.J. Richardson',83,1100,700,3,1,'2021-08-16 16:46:38.441 +00:00','2021-08-16 16:46:38.441 +00:00'),(16308,'Albert Wilson',15,1100,700,3,17,'2021-08-16 16:46:38.441 +00:00','2021-08-16 16:46:38.441 +00:00'),(18645,'Aldrick Rosas',7,1100,700,5,15,'2021-08-16 16:46:38.441 +00:00','2021-08-16 16:46:38.441 +00:00'),(21312,'Alexander Hollins',83,1100,700,3,8,'2021-08-16 16:46:38.441 +00:00','2021-08-16 16:46:38.441 +00:00'),(20868,'Alexander Mattison',25,1100,700,2,18,'2021-08-16 16:46:38.441 +00:00','2021-08-16 16:46:38.441 +00:00'),(19072,'Alex Armah',40,1100,700,2,5,'2021-08-16 16:46:38.441 +00:00','2021-08-16 16:46:38.441 +00:00'),(21294,'Alex Bachman',80,1100,700,3,21,'2021-08-16 16:46:38.441 +00:00','2021-08-16 16:46:38.441 +00:00'),(18088,'Alex Collins',41,1100,700,2,28,'2021-08-16 16:46:38.441 +00:00','2021-08-16 16:46:38.441 +00:00'),(18197,'Alex Erickson',12,1100,700,3,7,'2021-08-16 16:46:38.441 +00:00','2021-08-16 16:46:38.441 +00:00'),(20044,'Alex McGough',6,1100,700,1,28,'2021-08-16 16:46:38.441 +00:00','2021-08-16 16:46:38.441 +00:00'),(14269,'Alfred Morris',41,1100,700,2,21,'2021-08-16 16:46:38.441 +00:00','2021-08-16 16:46:38.441 +00:00'),(20865,'Alize Mack',0,1100,700,4,11,'2021-08-16 16:46:38.441 +00:00','2021-08-16 16:46:38.441 +00:00'),(16253,'Allen Hurns',17,1100,700,3,17,'2021-08-16 16:46:38.441 +00:00','2021-08-16 16:46:38.441 +00:00'),(20145,'Allen Lazard',13,1100,700,3,12,'2021-08-16 16:46:38.441 +00:00','2021-08-16 16:46:38.441 +00:00'),(14187,'Alshon Jeffery',17,1100,700,3,24,'2021-08-16 16:46:38.441 +00:00','2021-08-16 16:46:38.441 +00:00'),(18878,'Alvin Kamara',41,1100,700,2,20,'2021-08-16 16:46:38.441 +00:00','2021-08-16 16:46:38.441 +00:00'),(16765,'Amari Cooper',19,1100,700,3,9,'2021-08-16 16:46:38.441 +00:00','2021-08-16 16:46:38.441 +00:00'),(16815,'Ameer Abdullah',31,1100,700,2,18,'2021-08-16 16:46:38.441 +00:00','2021-08-16 16:46:38.441 +00:00'),(11565,'Andre Roberts',18,1100,700,3,13,'2021-08-16 16:46:38.441 +00:00','2021-08-16 16:46:38.441 +00:00'),(21227,'Andrew Beck',83,1100,700,4,10,'2021-08-16 16:46:38.441 +00:00','2021-08-16 16:46:38.441 +00:00'),(20083,'Andrew Vollert',47,1100,700,4,14,'2021-08-16 16:46:38.441 +00:00','2021-08-16 16:46:38.441 +00:00'),(12841,'Andy Dalton',14,1100,700,1,6,'2021-08-16 16:46:38.441 +00:00','2021-08-16 16:46:38.441 +00:00'),(20820,'Andy Isabella',17,1100,700,3,1,'2021-08-16 16:46:38.441 +00:00','2021-08-16 16:46:38.441 +00:00'),(19296,'Anthony Firkser',86,1100,700,4,31,'2021-08-16 16:46:38.441 +00:00','2021-08-16 16:46:38.441 +00:00'),(20830,'Anthony Johnson',83,1100,700,3,25,'2021-08-16 16:46:38.441 +00:00','2021-08-16 16:46:38.441 +00:00'),(19864,'Anthony Miller',17,1100,700,3,6,'2021-08-16 16:46:38.441 +00:00','2021-08-16 16:46:38.441 +00:00'),(20979,'Antoine Wesley',84,1100,700,3,3,'2021-08-16 16:46:38.441 +00:00','2021-08-16 16:46:38.441 +00:00'),(11056,'Antonio Brown',81,1100,700,3,30,'2021-08-16 16:46:38.441 +00:00','2021-08-16 16:46:38.441 +00:00'),(19917,'Antonio Callaway',16,1100,700,3,16,'2021-08-16 16:46:38.441 +00:00','2021-08-16 16:46:38.441 +00:00'),(19335,'Antony Auclair',82,1100,700,4,30,'2021-08-16 16:46:38.441 +00:00','2021-08-16 16:46:38.441 +00:00'),(400785,'Artavis Pierce',46,1100,700,2,6,'2021-08-16 16:46:38.441 +00:00','2021-08-16 16:46:38.441 +00:00'),(21349,'Ashton Dulin',16,1100,700,3,14,'2021-08-16 16:46:38.441 +00:00','2021-08-16 16:46:38.441 +00:00'),(20057,'Auden Tate',19,1100,700,3,7,'2021-08-16 16:46:38.441 +00:00','2021-08-16 16:46:38.441 +00:00'),(19562,'Austin Ekeler',30,1100,700,2,26,'2021-08-16 16:46:38.441 +00:00','2021-08-16 16:46:38.441 +00:00'),(21369,'Austin Fort',89,1100,700,4,10,'2021-08-16 16:46:38.441 +00:00','2021-08-16 16:46:38.441 +00:00'),(17963,'Austin Hooper',81,1100,700,4,8,'2021-08-16 16:46:38.441 +00:00','2021-08-16 16:46:38.441 +00:00'),(400792,'Austin MacGinnis',8,1100,700,5,29,'2021-08-16 16:46:38.441 +00:00','2021-08-16 16:46:38.441 +00:00'),(400910,'Austin Mack',81,1100,700,3,21,'2021-08-16 16:46:38.441 +00:00','2021-08-16 16:46:38.441 +00:00'),(20052,'Austin Proehl',87,1100,700,3,27,'2021-08-16 16:46:38.441 +00:00','2021-08-16 16:46:38.441 +00:00'),(21114,'Austin Seibert',3,1100,700,5,7,'2021-08-16 16:46:38.441 +00:00','2021-08-16 16:46:38.441 +00:00'),(21514,'Austin Walter',48,1100,700,2,27,'2021-08-16 16:46:38.441 +00:00','2021-08-16 16:46:38.441 +00:00'),(19790,'Baker Mayfield',6,1100,700,1,8,'2021-08-16 16:46:38.441 +00:00','2021-08-16 16:46:38.441 +00:00'),(400862,'Ben Ellefson',86,1100,700,4,15,'2021-08-16 16:46:38.441 +00:00','2021-08-16 16:46:38.441 +00:00'),(16276,'Bennie Fowler',16,1100,700,3,20,'2021-08-16 16:46:38.441 +00:00','2021-08-16 16:46:38.441 +00:00'),(400830,'Benny LeMay',36,1100,700,2,14,'2021-08-16 16:46:38.441 +00:00','2021-08-16 16:46:38.441 +00:00'),(20950,'Benny Snell Jr.',24,1100,700,2,25,'2021-08-16 16:46:38.441 +00:00','2021-08-16 16:46:38.441 +00:00'),(3807,'Ben Roethlisberger',7,1100,700,1,25,'2021-08-16 16:46:38.441 +00:00','2021-08-16 16:46:38.441 +00:00'),(12982,'Blaine Gabbert',11,1100,700,1,30,'2021-08-16 16:46:38.441 +00:00','2021-08-16 16:46:38.441 +00:00'),(16878,'Blake Bell',80,1100,700,4,9,'2021-08-16 16:46:38.441 +00:00','2021-08-16 16:46:38.441 +00:00'),(16245,'Blake Bortles',19,1100,700,1,29,'2021-08-16 16:46:38.441 +00:00','2021-08-16 16:46:38.441 +00:00'),(19457,'Blake Jarwin',89,1100,700,4,9,'2021-08-16 16:46:38.441 +00:00','2021-08-16 16:46:38.441 +00:00'),(20039,'Boston Scott',35,1100,700,2,24,'2021-08-16 16:46:38.441 +00:00','2021-08-16 16:46:38.441 +00:00'),(16568,'Brandin Cooks',13,1100,700,3,13,'2021-08-16 16:46:38.441 +00:00','2021-08-16 16:46:38.441 +00:00'),(40091,'Brandon Aiyuk',11,1100,700,3,27,'2021-08-16 16:46:38.441 +00:00','2021-08-16 16:46:38.441 +00:00'),(18118,'Brandon Allen',8,1100,700,1,7,'2021-08-16 16:46:38.441 +00:00','2021-08-16 16:46:38.441 +00:00'),(13741,'Brandon Bolden',38,1100,700,2,19,'2021-08-16 16:46:38.441 +00:00','2021-08-16 16:46:38.441 +00:00'),(21161,'Brandon Dillon',86,1100,700,4,18,'2021-08-16 16:46:38.441 +00:00','2021-08-16 16:46:38.441 +00:00'),(14996,'Brandon McManus',8,1100,700,5,10,'2021-08-16 16:46:38.441 +00:00','2021-08-16 16:46:38.441 +00:00'),(20487,'Brandon Powell',15,1100,700,3,2,'2021-08-16 16:46:38.441 +00:00','2021-08-16 16:46:38.441 +00:00'),(19779,'Brandon Zylstra',16,1100,700,3,5,'2021-08-16 16:46:38.441 +00:00','2021-08-16 16:46:38.441 +00:00'),(20038,'Braxton Berrios',10,1100,700,3,22,'2021-08-16 16:46:38.441 +00:00','2021-08-16 16:46:38.441 +00:00'),(16787,'Breshad Perriman',19,1100,700,3,22,'2021-08-16 16:46:38.441 +00:00','2021-08-16 16:46:38.441 +00:00'),(16907,'Brett Hundley',7,1100,700,1,1,'2021-08-16 16:46:38.441 +00:00','2021-08-16 16:46:38.441 +00:00'),(15854,'Brett Maher',0,1100,700,5,1,'2021-08-16 16:46:38.441 +00:00','2021-08-16 16:46:38.441 +00:00'),(20929,'Brett Rypien',4,1100,700,1,10,'2021-08-16 16:46:38.441 +00:00','2021-08-16 16:46:38.441 +00:00'),(19033,'Brian Hill',23,1100,700,2,2,'2021-08-16 16:46:38.441 +00:00','2021-08-16 16:46:38.441 +00:00'),(8358,'Brian Hoyer',2,1100,700,1,19,'2021-08-16 16:46:38.441 +00:00','2021-08-16 16:46:38.441 +00:00'),(20863,'Bryce Love',35,1100,700,2,32,'2021-08-16 16:46:38.441 +00:00','2021-08-16 16:46:38.441 +00:00'),(20150,'Byron Pringle',13,1100,700,3,16,'2021-08-16 16:46:38.441 +00:00','2021-08-16 16:46:38.441 +00:00'),(16301,'Cairo Santos',2,1100,700,5,6,'2021-08-16 16:46:38.441 +00:00','2021-08-16 16:46:38.441 +00:00'),(20993,'Caleb Wilson',83,1100,700,4,24,'2021-08-16 16:46:38.441 +00:00','2021-08-16 16:46:38.441 +00:00'),(19802,'Calvin Ridley',18,1100,700,3,2,'2021-08-16 16:46:38.441 +00:00','2021-08-16 16:46:38.441 +00:00'),(20372,'Cameron Batson',13,1100,700,3,31,'2021-08-16 16:46:38.441 +00:00','2021-08-16 16:46:38.441 +00:00'),(16593,'Cameron Brate',84,1100,700,4,30,'2021-08-16 16:46:38.441 +00:00','2021-08-16 16:46:38.441 +00:00'),(13320,'Cam Newton',1,1100,700,1,19,'2021-08-16 16:46:38.441 +00:00','2021-08-16 16:46:38.441 +00:00'),(20529,'Cam Sims',89,1100,700,3,32,'2021-08-16 16:46:38.441 +00:00','2021-08-16 16:46:38.441 +00:00'),(16668,'Carlos Hyde',30,1100,700,2,15,'2021-08-16 16:46:38.441 +00:00','2021-08-16 16:46:38.441 +00:00'),(17920,'Carson Wentz',2,1100,700,1,14,'2021-08-16 16:46:38.441 +00:00','2021-08-16 16:46:38.441 +00:00'),(15694,'Case Keenum',5,1100,700,1,8,'2021-08-16 16:46:38.441 +00:00','2021-08-16 16:46:38.441 +00:00'),(20013,'Cedrick Wilson',11,1100,700,3,9,'2021-08-16 16:46:38.441 +00:00','2021-08-16 16:46:38.441 +00:00'),(40086,'CeeDee Lamb',88,1100,700,3,9,'2021-08-16 16:46:38.441 +00:00','2021-08-16 16:46:38.441 +00:00'),(19219,'Cethan Carter',82,1100,700,4,7,'2021-08-16 16:46:38.441 +00:00','2021-08-16 16:46:38.441 +00:00'),(20582,'Chad Beebe',12,1100,700,3,18,'2021-08-16 16:46:38.441 +00:00','2021-08-16 16:46:38.441 +00:00'),(19021,'Chad Hansen',17,1100,700,3,13,'2021-08-16 16:46:38.441 +00:00','2021-08-16 16:46:38.441 +00:00'),(2405,'Chad Henne',4,1100,700,1,16,'2021-08-16 16:46:38.441 +00:00','2021-08-16 16:46:38.441 +00:00'),(18974,'Chad Williams',80,1100,700,3,16,'2021-08-16 16:46:38.441 +00:00','2021-08-16 16:46:38.441 +00:00'),(21551,'Charles Jones II',88,1100,700,4,25,'2021-08-16 16:46:38.441 +00:00','2021-08-16 16:46:38.441 +00:00'),(9902,'Chase Daniel',4,1100,700,1,11,'2021-08-16 16:46:38.441 +00:00','2021-08-16 16:46:38.441 +00:00'),(19919,'Chase Edmonds',29,1100,700,2,1,'2021-08-16 16:46:38.441 +00:00','2021-08-16 16:46:38.441 +00:00'),(18361,'Chester Rogers',80,1100,700,3,31,'2021-08-16 16:46:38.441 +00:00','2021-08-16 16:46:38.441 +00:00'),(16191,'Chris Boswell',9,1100,700,5,25,'2021-08-16 16:46:38.441 +00:00','2021-08-16 16:46:38.441 +00:00'),(19119,'Chris Carson',32,1100,700,2,28,'2021-08-16 16:46:38.441 +00:00','2021-08-16 16:46:38.441 +00:00'),(16837,'Chris Conley',18,1100,700,3,15,'2021-08-16 16:46:38.441 +00:00','2021-08-16 16:46:38.441 +00:00'),(18880,'Chris Godwin',14,1100,700,3,30,'2021-08-16 16:46:38.441 +00:00','2021-08-16 16:46:38.441 +00:00'),(19947,'Chris Herndon IV',89,1100,700,4,22,'2021-08-16 16:46:38.441 +00:00','2021-08-16 16:46:38.441 +00:00'),(20511,'Chris Lacy',15,1100,700,3,9,'2021-08-16 16:46:38.441 +00:00','2021-08-16 16:46:38.441 +00:00'),(17762,'Chris Manhertz',82,1100,700,4,15,'2021-08-16 16:46:38.441 +00:00','2021-08-16 16:46:38.441 +00:00'),(18030,'Chris Moore',10,1100,700,3,13,'2021-08-16 16:46:38.441 +00:00','2021-08-16 16:46:38.441 +00:00'),(21531,'Chris Myarick',85,1100,700,4,17,'2021-08-16 16:46:38.441 +00:00','2021-08-16 16:46:38.441 +00:00'),(15102,'Chris Thompson',34,1100,700,2,15,'2021-08-16 16:46:38.441 +00:00','2021-08-16 16:46:38.441 +00:00'),(19627,'Chris Thompson',2,1100,700,3,27,'2021-08-16 16:46:38.441 +00:00','2021-08-16 16:46:38.441 +00:00'),(20224,'Christian Blake',13,1100,700,3,2,'2021-08-16 16:46:38.441 +00:00','2021-08-16 16:46:38.441 +00:00'),(19815,'Christian Kirk',13,1100,700,3,1,'2021-08-16 16:46:38.441 +00:00','2021-08-16 16:46:38.441 +00:00'),(18877,'Christian McCaffrey',22,1100,700,2,5,'2021-08-16 16:46:38.441 +00:00','2021-08-16 16:46:38.441 +00:00'),(18973,'CJ Beathard',3,1100,700,1,27,'2021-08-16 16:46:38.441 +00:00','2021-08-16 16:46:38.441 +00:00'),(19200,'CJ Board',18,1100,700,3,21,'2021-08-16 16:46:38.441 +00:00','2021-08-16 16:46:38.441 +00:00'),(18652,'CJ Ham',30,1100,700,2,18,'2021-08-16 16:46:38.441 +00:00','2021-08-16 16:46:38.441 +00:00'),(17965,'CJ Prosise',21,1100,700,2,30,'2021-08-16 16:46:38.441 +00:00','2021-08-16 16:46:38.441 +00:00'),(16917,'CJ Uzomah',87,1100,700,4,7,'2021-08-16 16:46:38.441 +00:00','2021-08-16 16:46:38.441 +00:00'),(20966,'Clayton Thorson',13,1100,700,1,21,'2021-08-16 16:46:38.441 +00:00','2021-08-16 16:46:38.441 +00:00'),(40097,'Clyde Edwards-Helaire',25,1100,700,2,16,'2021-08-16 16:46:38.441 +00:00','2021-08-16 16:46:38.441 +00:00'),(20314,'Codey McElroy',86,1100,700,3,30,'2021-08-16 16:46:38.441 +00:00','2021-08-16 16:46:38.441 +00:00'),(19280,'Cody Hollister',16,1100,700,3,31,'2021-08-16 16:46:38.441 +00:00','2021-08-16 16:46:38.441 +00:00'),(16236,'Cody Parkey',2,1100,700,5,8,'2021-08-16 16:46:38.441 +00:00','2021-08-16 16:46:38.441 +00:00'),(20963,'Cody Thompson',81,1100,700,3,28,'2021-08-16 16:46:38.441 +00:00','2021-08-16 16:46:38.441 +00:00'),(400952,'Cody White',15,1100,700,3,25,'2021-08-16 16:46:38.441 +00:00','2021-08-16 16:46:38.441 +00:00'),(14141,'Cole Beasley',11,1100,700,3,4,'2021-08-16 16:46:38.441 +00:00','2021-08-16 16:46:38.441 +00:00'),(19326,'Cole Hikutini',87,1100,700,4,9,'2021-08-16 16:46:38.441 +00:00','2021-08-16 16:46:38.441 +00:00'),(19542,'Colin Thompson',86,1100,700,4,5,'2021-08-16 16:46:38.441 +00:00','2021-08-16 16:46:38.441 +00:00'),(11047,'Colt McCoy',12,1100,700,1,21,'2021-08-16 16:46:38.441 +00:00','2021-08-16 16:46:38.441 +00:00'),(18882,'Cooper Kupp',10,1100,700,3,29,'2021-08-16 16:46:38.441 +00:00','2021-08-16 16:46:38.441 +00:00'),(19461,'Cooper Rush',10,1100,700,1,9,'2021-08-16 16:46:38.441 +00:00','2021-08-16 16:46:38.441 +00:00'),(15150,'Cordarrelle Patterson',84,1100,700,3,6,'2021-08-16 16:46:38.441 +00:00','2021-08-16 16:46:38.441 +00:00'),(19548,'Corey Clement',30,1100,700,2,24,'2021-08-16 16:46:38.441 +00:00','2021-08-16 16:46:38.441 +00:00'),(18879,'Corey Davis',84,1100,700,3,22,'2021-08-16 16:46:38.441 +00:00','2021-08-16 16:46:38.441 +00:00'),(19800,'Courtland Sutton',14,1100,700,3,10,'2021-08-16 16:46:38.441 +00:00','2021-08-16 16:46:38.441 +00:00'),(21126,'Cullen Gillaspia',44,1100,700,2,21,'2021-08-16 16:46:38.441 +00:00','2021-08-16 16:46:38.441 +00:00'),(18928,'Curtis Samuel',10,1100,700,3,32,'2021-08-16 16:46:38.441 +00:00','2021-08-16 16:46:38.441 +00:00'),(18896,'Cyril Grayson',15,1100,700,3,30,'2021-08-16 16:46:38.441 +00:00','2021-08-16 16:46:38.441 +00:00'),(19916,'Daesean Hamilton',17,1100,700,3,10,'2021-08-16 16:46:38.441 +00:00','2021-08-16 16:46:38.441 +00:00'),(18055,'Dak Prescott',4,1100,700,1,9,'2021-08-16 16:46:38.441 +00:00','2021-08-16 16:46:38.441 +00:00'),(19863,'Dallas Goedert',88,1100,700,4,24,'2021-08-16 16:46:38.441 +00:00','2021-08-16 16:46:38.441 +00:00'),(20154,'Dalton Keene',44,1100,700,4,19,'2021-08-16 16:46:38.441 +00:00','2021-08-16 16:46:38.441 +00:00'),(19920,'Dalton Schultz',86,1100,700,4,9,'2021-08-16 16:46:38.441 +00:00','2021-08-16 16:46:38.441 +00:00'),(18872,'Dalvin Cook',33,1100,700,2,18,'2021-08-16 16:46:38.441 +00:00','2021-08-16 16:46:38.441 +00:00'),(21240,'Damarea Crockett',39,1100,700,2,10,'2021-08-16 16:46:38.441 +00:00','2021-08-16 16:46:38.441 +00:00'),(20790,'Damien Harris',37,1100,700,2,19,'2021-08-16 16:46:38.441 +00:00','2021-08-16 16:46:38.441 +00:00'),(17141,'Damiere Byrd',10,1100,700,3,19,'2021-08-16 16:46:38.441 +00:00','2021-08-16 16:46:38.441 +00:00'),(19659,'Dan Arnold',85,1100,700,4,1,'2021-08-16 16:46:38.441 +00:00','2021-08-16 16:46:38.441 +00:00'),(40543,'D''Andre Swift',32,1100,700,2,11,'2021-08-16 16:46:38.441 +00:00','2021-08-16 16:46:38.441 +00:00'),(17219,'Daniel Brown',87,1100,700,4,22,'2021-08-16 16:46:38.441 +00:00','2021-08-16 16:46:38.441 +00:00'),(19989,'Daniel Carlson',2,1100,700,5,23,'2021-08-16 16:46:38.441 +00:00','2021-08-16 16:46:38.441 +00:00'),(20841,'Daniel Jones',8,1100,700,1,21,'2021-08-16 16:46:38.441 +00:00','2021-08-16 16:46:38.441 +00:00'),(9906,'Danny Amendola',80,1100,700,3,11,'2021-08-16 16:46:38.441 +00:00','2021-08-16 16:46:38.441 +00:00'),(20037,'Danny Etling',2,1100,700,3,28,'2021-08-16 16:46:38.441 +00:00','2021-08-16 16:46:38.441 +00:00'),(19854,'Dante Pettis',13,1100,700,3,21,'2021-08-16 16:46:38.441 +00:00','2021-08-16 16:46:38.441 +00:00'),(19626,'Dare Ogunbowale',33,1100,700,2,15,'2021-08-16 16:46:38.441 +00:00','2021-08-16 16:46:38.441 +00:00'),(345456,'Darius Anderson',40,1100,700,2,14,'2021-08-16 16:46:38.441 +00:00','2021-08-16 16:46:38.441 +00:00'),(20943,'Darius Slayton',86,1100,700,3,21,'2021-08-16 16:46:38.441 +00:00','2021-08-16 16:46:38.441 +00:00'),(19176,'Darrell Daniels',81,1100,700,4,1,'2021-08-16 16:46:38.441 +00:00','2021-08-16 16:46:38.441 +00:00'),(20798,'Darrell Henderson',27,1100,700,2,29,'2021-08-16 16:46:38.441 +00:00','2021-08-16 16:46:38.441 +00:00'),(20500,'Darrel Williams',31,1100,700,2,16,'2021-08-16 16:46:38.441 +00:00','2021-08-16 16:46:38.441 +00:00'),(15247,'Darren Fells',87,1100,700,4,13,'2021-08-16 16:46:38.441 +00:00','2021-08-16 16:46:38.441 +00:00'),(16964,'Darren Waller',83,1100,700,4,23,'2021-08-16 16:46:38.441 +00:00','2021-08-16 16:46:38.441 +00:00'),(20478,'Darvin Kidsy',13,1100,700,3,28,'2021-08-16 16:46:38.441 +00:00','2021-08-16 16:46:38.441 +00:00'),(20964,'Darwin Thompson',34,1100,700,2,16,'2021-08-16 16:46:38.441 +00:00','2021-08-16 16:46:38.441 +00:00'),(16470,'Davante Adams',17,1100,700,3,12,'2021-08-16 16:46:38.441 +00:00','2021-08-16 16:46:38.441 +00:00'),(21277,'David Blough',10,1100,700,1,11,'2021-08-16 16:46:38.441 +00:00','2021-08-16 16:46:38.441 +00:00'),(16847,'David Johnson',31,1100,700,2,13,'2021-08-16 16:46:38.441 +00:00','2021-08-16 16:46:38.441 +00:00'),(20882,'David Montgomery',32,1100,700,2,6,'2021-08-16 16:46:38.441 +00:00','2021-08-16 16:46:38.441 +00:00'),(19120,'David Moore',83,1100,700,3,28,'2021-08-16 16:46:38.441 +00:00','2021-08-16 16:46:38.441 +00:00'),(18876,'David Njoku',85,1100,700,4,8,'2021-08-16 16:46:38.441 +00:00','2021-08-16 16:46:38.441 +00:00'),(20939,'David Sills V',84,1100,700,3,21,'2021-08-16 16:46:38.441 +00:00','2021-08-16 16:46:38.441 +00:00'),(18907,'Davis Webb',7,1100,700,1,4,'2021-08-16 16:46:38.441 +00:00','2021-08-16 16:46:38.441 +00:00'),(20850,'Dawson Knox',88,1100,700,4,4,'2021-08-16 16:46:38.441 +00:00','2021-08-16 16:46:38.441 +00:00'),(20922,'Dax Raymond',49,1100,700,4,25,'2021-08-16 16:46:38.441 +00:00','2021-08-16 16:46:38.441 +00:00'),(17218,'Deandre Carter',19,1100,700,3,6,'2021-08-16 16:46:38.441 +00:00','2021-08-16 16:46:38.441 +00:00'),(14986,'DeAndre Hopkins',10,1100,700,3,1,'2021-08-16 16:46:38.441 +00:00','2021-08-16 16:46:38.441 +00:00'),(18061,'Deandre Washington',31,1100,700,2,17,'2021-08-16 16:46:38.441 +00:00','2021-08-16 16:46:38.441 +00:00'),(17269,'Deandrew White',18,1100,700,3,3,'2021-08-16 16:46:38.441 +00:00','2021-08-16 16:46:38.441 +00:00'),(18992,'Dede Westbrook',12,1100,700,3,15,'2021-08-16 16:46:38.441 +00:00','2021-08-16 16:46:38.441 +00:00'),(20932,'Deebo Samuel',19,1100,700,3,27,'2021-08-16 16:46:38.441 +00:00','2021-08-16 16:46:38.441 +00:00'),(18047,'Demarcus Robinson',11,1100,700,3,16,'2021-08-16 16:46:38.441 +00:00','2021-08-16 16:46:38.441 +00:00'),(15305,'Demetrius Harris',86,1100,700,4,6,'2021-08-16 16:46:38.441 +00:00','2021-08-16 16:46:38.441 +00:00'),(400970,'De''Michael Harris',12,1100,700,3,14,'2021-08-16 16:46:38.441 +00:00','2021-08-16 16:46:38.441 +00:00'),(19980,'Deon Cain',17,1100,700,3,3,'2021-08-16 16:46:38.441 +00:00','2021-08-16 16:46:38.441 +00:00'),(20373,'Deontay Burnett',16,1100,700,3,24,'2021-08-16 16:46:38.441 +00:00','2021-08-16 16:46:38.441 +00:00'),(21163,'Deonte Harris',11,1100,700,3,20,'2021-08-16 16:46:38.441 +00:00','2021-08-16 16:46:38.441 +00:00'),(20332,'Deon Yelder',82,1100,700,4,16,'2021-08-16 16:46:38.441 +00:00','2021-08-16 16:46:38.441 +00:00'),(16311,'Derek Carr',4,1100,700,1,23,'2021-08-16 16:46:38.441 +00:00','2021-08-16 16:46:38.441 +00:00'),(15640,'Derek Carrier',85,1100,700,4,23,'2021-08-16 16:46:38.441 +00:00','2021-08-16 16:46:38.441 +00:00'),(400957,'Derrick Dillon',6,1100,700,3,21,'2021-08-16 16:46:38.441 +00:00','2021-08-16 16:46:38.441 +00:00'),(17959,'Derrick Henry',22,1100,700,2,31,'2021-08-16 16:46:38.441 +00:00','2021-08-16 16:46:38.441 +00:00'),(20477,'Derrick Willies',16,1100,700,3,8,'2021-08-16 16:46:38.441 +00:00','2021-08-16 16:46:38.441 +00:00'),(18857,'Deshaun Watson',4,1100,700,1,13,'2021-08-16 16:46:38.441 +00:00','2021-08-16 16:46:38.441 +00:00'),(18868,'Deshone Kizer',4,1100,700,1,31,'2021-08-16 16:46:38.441 +00:00','2021-08-16 16:46:38.441 +00:00'),(16775,'Devante Parker',11,1100,700,3,17,'2021-08-16 16:46:38.441 +00:00','2021-08-16 16:46:38.441 +00:00'),(20904,'Devine Ozigbo',22,1100,700,2,15,'2021-08-16 16:46:38.441 +00:00','2021-08-16 16:46:38.441 +00:00'),(16802,'Devin Funchess',11,1100,700,3,12,'2021-08-16 16:46:38.441 +00:00','2021-08-16 16:46:38.441 +00:00'),(20941,'Devin Singletary',26,1100,700,2,4,'2021-08-16 16:46:38.441 +00:00','2021-08-16 16:46:38.441 +00:00'),(16798,'Devin Smith',13,1100,700,3,19,'2021-08-16 16:46:38.441 +00:00','2021-08-16 16:46:38.441 +00:00'),(21562,'Devlin Hodges',6,1100,700,1,29,'2021-08-16 16:46:38.441 +00:00','2021-08-16 16:46:38.441 +00:00'),(17970,'Devontae Booker',23,1100,700,2,21,'2021-08-16 16:46:38.441 +00:00','2021-08-16 16:46:38.441 +00:00'),(20984,'Dexter Williams',22,1100,700,2,12,'2021-08-16 16:46:38.441 +00:00','2021-08-16 16:46:38.441 +00:00'),(11270,'Dez Bryant',88,1100,700,3,3,'2021-08-16 16:46:38.441 +00:00','2021-08-16 16:46:38.441 +00:00'),(12708,'Dion Lewis',33,1100,700,2,21,'2021-08-16 16:46:38.441 +00:00','2021-08-16 16:46:38.441 +00:00'),(21077,'Diontae Johnson',18,1100,700,3,25,'2021-08-16 16:46:38.441 +00:00','2021-08-16 16:46:38.441 +00:00'),(19816,'D.J. Chark',17,1100,700,3,15,'2021-08-16 16:46:38.441 +00:00','2021-08-16 16:46:38.441 +00:00'),(18253,'DJ Foster',37,1100,700,3,1,'2021-08-16 16:46:38.441 +00:00','2021-08-16 16:46:38.441 +00:00'),(21473,'D.J. Montgomery',81,1100,700,3,22,'2021-08-16 16:46:38.441 +00:00','2021-08-16 16:46:38.441 +00:00'),(19844,'D.J. Moore',12,1100,700,3,5,'2021-08-16 16:46:38.441 +00:00','2021-08-16 16:46:38.441 +00:00'),(20875,'D.K. Metcalf',14,1100,700,3,28,'2021-08-16 16:46:38.441 +00:00','2021-08-16 16:46:38.441 +00:00'),(400763,'Dominik Eberle',5,1100,700,5,23,'2021-08-16 16:46:38.441 +00:00','2021-08-16 16:46:38.441 +00:00'),(400969,'Dominique Dafney',49,1100,700,4,12,'2021-08-16 16:46:38.441 +00:00','2021-08-16 16:46:38.441 +00:00'),(20905,'Donald Parham',89,1100,700,4,26,'2021-08-16 16:46:38.441 +00:00','2021-08-16 16:46:38.441 +00:00'),(18957,'D''Onta Foreman',45,1100,700,2,31,'2021-08-16 16:46:38.441 +00:00','2021-08-16 16:46:38.441 +00:00'),(16232,'Donte Moncrief',14,1100,700,3,19,'2021-08-16 16:46:38.441 +00:00','2021-08-16 16:46:38.441 +00:00'),(20566,'Dontrell Hilliard',22,1100,700,2,13,'2021-08-16 16:46:38.441 +00:00','2021-08-16 16:46:38.441 +00:00'),(20859,'Drew Lock',3,1100,700,1,10,'2021-08-16 16:46:38.441 +00:00','2021-08-16 16:46:38.441 +00:00'),(20931,'Drew Sample',89,1100,700,4,7,'2021-08-16 16:46:38.441 +00:00','2021-08-16 16:46:38.441 +00:00'),(18666,'Duke Williams',82,1100,700,3,4,'2021-08-16 16:46:38.441 +00:00','2021-08-16 16:46:38.441 +00:00'),(19943,'Durham Smythe',81,1100,700,4,17,'2021-08-16 16:46:38.441 +00:00','2021-08-16 16:46:38.441 +00:00'),(14867,'Dustin Hopkins',3,1100,700,5,32,'2021-08-16 16:46:38.441 +00:00','2021-08-16 16:46:38.441 +00:00'),(13117,'Dwayne Harris',82,1100,700,3,6,'2021-08-16 16:46:38.441 +00:00','2021-08-16 16:46:38.441 +00:00'),(20795,'Dwayne Haskins',7,1100,700,1,25,'2021-08-16 16:46:38.441 +00:00','2021-08-16 16:46:38.441 +00:00'),(18152,'Dwayne Washington',24,1100,700,2,20,'2021-08-16 16:46:38.441 +00:00','2021-08-16 16:46:38.441 +00:00'),(19982,'Dylan Cantrell',45,1100,700,3,32,'2021-08-16 16:46:38.441 +00:00','2021-08-16 16:46:38.441 +00:00'),(20953,'Easton Stick',2,1100,700,1,26,'2021-08-16 16:46:38.441 +00:00','2021-08-16 16:46:38.441 +00:00'),(20149,'Eddy Pineiro',15,1100,700,5,6,'2021-08-16 16:46:38.441 +00:00','2021-08-16 16:46:38.441 +00:00'),(20809,'Elijah Holyfield',33,1100,700,2,24,'2021-08-16 16:46:38.441 +00:00','2021-08-16 16:46:38.441 +00:00'),(18617,'Elijhaa Penny',39,1100,700,2,21,'2021-08-16 16:46:38.441 +00:00','2021-08-16 16:46:38.441 +00:00'),(18841,'Eli Wolf',87,1100,700,4,3,'2021-08-16 16:46:38.441 +00:00','2021-08-16 16:46:38.441 +00:00'),(20782,'Emanuel Hall',80,1100,700,3,32,'2021-08-16 16:46:38.441 +00:00','2021-08-16 16:46:38.441 +00:00'),(11063,'Emmanuel Sanders',17,1100,700,3,4,'2021-08-16 16:46:38.441 +00:00','2021-08-16 16:46:38.441 +00:00'),(20398,'Equanimeous St. Brown',19,1100,700,3,12,'2021-08-16 16:46:38.441 +00:00','2021-08-16 16:46:38.441 +00:00'),(16451,'Eric Ebron',85,1100,700,4,25,'2021-08-16 16:46:38.441 +00:00','2021-08-16 16:46:38.441 +00:00'),(19035,'Eric Saubert',85,1100,700,4,15,'2021-08-16 16:46:38.441 +00:00','2021-08-16 16:46:38.441 +00:00'),(17223,'Eric Tomlinson',85,1100,700,4,3,'2021-08-16 16:46:38.441 +00:00','2021-08-16 16:46:38.441 +00:00'),(20193,'Ethan Wolf',86,1100,700,4,20,'2021-08-16 16:46:38.441 +00:00','2021-08-16 16:46:38.441 +00:00'),(19494,'Evan Baylis',80,1100,700,4,16,'2021-08-16 16:46:38.441 +00:00','2021-08-16 16:46:38.441 +00:00'),(18912,'Evan Engram',88,1100,700,4,21,'2021-08-16 16:46:38.441 +00:00','2021-08-16 16:46:38.441 +00:00'),(17923,'Ezekiel Elliott',21,1100,700,2,9,'2021-08-16 16:46:38.441 +00:00','2021-08-16 16:46:38.441 +00:00'),(20884,'Foster Moreau',87,1100,700,4,23,'2021-08-16 16:46:38.441 +00:00','2021-08-16 16:46:38.441 +00:00'),(5820,'Frank Gore',21,1100,700,2,22,'2021-08-16 16:46:38.441 +00:00','2021-08-16 16:46:38.441 +00:00'),(20880,'Gardner Minshew',15,1100,700,1,15,'2021-08-16 16:46:38.441 +00:00','2021-08-16 16:46:38.441 +00:00'),(16621,'Garrett Gilbert',3,1100,700,1,9,'2021-08-16 16:46:38.441 +00:00','2021-08-16 16:46:38.441 +00:00'),(18716,'Garrett Griffin',45,1100,700,4,20,'2021-08-16 16:46:38.441 +00:00','2021-08-16 16:46:38.441 +00:00'),(20829,'Gary Jennings',16,1100,700,3,14,'2021-08-16 16:46:38.441 +00:00','2021-08-16 16:46:38.441 +00:00'),(19358,'Gehrig Dieter',12,1100,700,3,16,'2021-08-16 16:46:38.441 +00:00','2021-08-16 16:46:38.441 +00:00'),(14895,'Geno Smith',7,1100,700,1,28,'2021-08-16 16:46:38.441 +00:00','2021-08-16 16:46:38.441 +00:00'),(17005,'Geoff Swaim',87,1100,700,4,31,'2021-08-16 16:46:38.441 +00:00','2021-08-16 16:46:38.441 +00:00'),(19063,'George Kittle',85,1100,700,4,27,'2021-08-16 16:46:38.441 +00:00','2021-08-16 16:46:38.441 +00:00'),(18935,'Gerald Everett',81,1100,700,4,28,'2021-08-16 16:46:38.441 +00:00','2021-08-16 16:46:38.441 +00:00'),(18269,'Geronimo Allison',18,1100,700,3,11,'2021-08-16 16:46:38.441 +00:00','2021-08-16 16:46:38.441 +00:00'),(14916,'Giovani Bernard',25,1100,700,2,7,'2021-08-16 16:46:38.441 +00:00','2021-08-16 16:46:38.441 +00:00'),(10333,'Graham Gano',5,1100,700,5,21,'2021-08-16 16:46:38.441 +00:00','2021-08-16 16:46:38.441 +00:00'),(21071,'Greg Dortch',16,1100,700,3,2,'2021-08-16 16:46:38.441 +00:00','2021-08-16 16:46:38.441 +00:00'),(20325,'Greg Joseph',1,1100,700,5,18,'2021-08-16 16:46:38.441 +00:00','2021-08-16 16:46:38.441 +00:00'),(19705,'Greg Ward Jr',84,1100,700,3,24,'2021-08-16 16:46:38.441 +00:00','2021-08-16 16:46:38.441 +00:00'),(14697,'Greg Zuerlein',2,1100,700,5,9,'2021-08-16 16:46:38.441 +00:00','2021-08-16 16:46:38.441 +00:00'),(21601,'Gunner Olszewski',80,1100,700,3,19,'2021-08-16 16:46:38.441 +00:00','2021-08-16 16:46:38.441 +00:00'),(20239,'Gus Edwards',35,1100,700,2,3,'2021-08-16 16:46:38.441 +00:00','2021-08-16 16:46:38.441 +00:00'),(21056,'Hakeem Butler',89,1100,700,3,24,'2021-08-16 16:46:38.441 +00:00','2021-08-16 16:46:38.441 +00:00'),(21344,'Hale Hentges',87,1100,700,4,18,'2021-08-16 16:46:38.441 +00:00','2021-08-16 16:46:38.441 +00:00'),(19073,'Harrison Butker',7,1100,700,5,16,'2021-08-16 16:46:38.441 +00:00','2021-08-16 16:46:38.441 +00:00'),(19843,'Hayden Hurst',81,1100,700,4,2,'2021-08-16 16:46:38.441 +00:00','2021-08-16 16:46:38.441 +00:00'),(40081,'Henry Ruggs III',11,1100,700,3,23,'2021-08-16 16:46:38.441 +00:00','2021-08-16 16:46:38.441 +00:00'),(17975,'Hunter Henry',86,1100,700,4,19,'2021-08-16 16:46:38.441 +00:00','2021-08-16 16:46:38.441 +00:00'),(20924,'Hunter Renfrow',13,1100,700,3,23,'2021-08-16 16:46:38.441 +00:00','2021-08-16 16:46:38.441 +00:00'),(21208,'Ian Bunting',48,1100,700,4,1,'2021-08-16 16:46:38.441 +00:00','2021-08-16 16:46:38.441 +00:00'),(19910,'Ian Thomas',80,1100,700,4,5,'2021-08-16 16:46:38.441 +00:00','2021-08-16 16:46:38.441 +00:00'),(20949,'Irv Smith Jr.',84,1100,700,4,18,'2021-08-16 16:46:38.441 +00:00','2021-08-16 16:46:38.441 +00:00'),(20893,'Isaac Nauta',82,1100,700,4,12,'2021-08-16 16:46:38.441 +00:00','2021-08-16 16:46:38.441 +00:00'),(19314,'Isaac Whitney',12,1100,700,3,1,'2021-08-16 16:46:38.441 +00:00','2021-08-16 16:46:38.441 +00:00'),(19098,'Isaiah Ford',87,1100,700,3,17,'2021-08-16 16:46:38.441 +00:00','2021-08-16 16:46:38.441 +00:00'),(19043,'Isaiah McKenzie',19,1100,700,3,4,'2021-08-16 16:46:38.441 +00:00','2021-08-16 16:46:38.441 +00:00'),(21387,'Isaiah Wright',83,1100,700,3,32,'2021-08-16 16:46:38.441 +00:00','2021-08-16 16:46:38.441 +00:00'),(400907,'Isaiah Zuber',19,1100,700,3,19,'2021-08-16 16:46:38.441 +00:00','2021-08-16 16:46:38.441 +00:00'),(21106,'Ishmael Hyman',13,1100,700,3,5,'2021-08-16 16:46:38.441 +00:00','2021-08-16 16:46:38.441 +00:00'),(19924,'Ito Smith',25,1100,700,2,2,'2021-08-16 16:46:38.441 +00:00','2021-08-16 16:46:38.441 +00:00'),(20952,'Jace Sternberger',87,1100,700,4,12,'2021-08-16 16:46:38.441 +00:00','2021-08-16 16:46:38.441 +00:00'),(15602,'Jack Doyle',84,1100,700,4,14,'2021-08-16 16:46:38.441 +00:00','2021-08-16 16:46:38.441 +00:00'),(400919,'Jacob Breeland',88,1100,700,4,3,'2021-08-16 16:46:38.441 +00:00','2021-08-16 16:46:38.441 +00:00'),(21220,'Jacob Dolegala',8,1100,700,1,19,'2021-08-16 16:46:38.441 +00:00','2021-08-16 16:46:38.441 +00:00'),(19281,'Jacob Hollister',86,1100,700,4,28,'2021-08-16 16:46:38.441 +00:00','2021-08-16 16:46:38.441 +00:00'),(18018,'Jacoby Brissett',7,1100,700,1,17,'2021-08-16 16:46:38.441 +00:00','2021-08-16 16:46:38.441 +00:00'),(20662,'Jaeden Graham',87,1100,700,4,2,'2021-08-16 16:46:38.441 +00:00','2021-08-16 16:46:38.441 +00:00'),(21046,'Jake Browning',3,1100,700,1,18,'2021-08-16 16:46:38.441 +00:00','2021-08-16 16:46:38.441 +00:00'),(18997,'Jake Butt',80,1100,700,4,10,'2021-08-16 16:46:38.441 +00:00','2021-08-16 16:46:38.441 +00:00'),(19041,'Jake Elliott',4,1100,700,5,24,'2021-08-16 16:46:38.441 +00:00','2021-08-16 16:46:38.441 +00:00'),(18103,'Jakeem Grant',19,1100,700,3,17,'2021-08-16 16:46:38.441 +00:00','2021-08-16 16:46:38.441 +00:00'),(17289,'Jake Kumerow',18,1100,700,3,4,'2021-08-16 16:46:38.441 +00:00','2021-08-16 16:46:38.441 +00:00'),(18686,'Jake Lampman',89,1100,700,3,20,'2021-08-16 16:46:38.441 +00:00','2021-08-16 16:46:38.441 +00:00'),(18108,'Jake Rudock',5,1100,700,1,17,'2021-08-16 16:46:38.441 +00:00','2021-08-16 16:46:38.441 +00:00'),(20876,'Jakobi Meyers',16,1100,700,3,19,'2021-08-16 16:46:38.441 +00:00','2021-08-16 16:46:38.441 +00:00'),(19925,'Jaleel Scott',1,1100,700,3,22,'2021-08-16 16:46:38.441 +00:00','2021-08-16 16:46:38.441 +00:00'),(21448,'Jalen Guyton',15,1100,700,3,26,'2021-08-16 16:46:38.441 +00:00','2021-08-16 16:46:38.441 +00:00'),(20817,'Jalen Hurd',14,1100,700,3,27,'2021-08-16 16:46:38.441 +00:00','2021-08-16 16:46:38.441 +00:00'),(40117,'Jalen Hurts',2,1100,700,1,24,'2021-08-16 16:46:38.441 +00:00','2021-08-16 16:46:38.441 +00:00'),(400914,'Jalen Morton',7,1100,700,1,14,'2021-08-16 16:46:38.441 +00:00','2021-08-16 16:46:38.441 +00:00'),(18690,'Jalen Richard',30,1100,700,2,23,'2021-08-16 16:46:38.441 +00:00','2021-08-16 16:46:38.441 +00:00'),(18995,'Jamaal Williams',30,1100,700,2,11,'2021-08-16 16:46:38.441 +00:00','2021-08-16 16:46:38.441 +00:00'),(19044,'Jamal Agnew',39,1100,700,3,15,'2021-08-16 16:46:38.441 +00:00','2021-08-16 16:46:38.441 +00:00'),(400966,'Ja''Marcus Bradley',84,1100,700,3,8,'2021-08-16 16:46:38.441 +00:00','2021-08-16 16:46:38.441 +00:00'),(16762,'Jameis Winston',2,1100,700,1,20,'2021-08-16 16:46:38.441 +00:00','2021-08-16 16:46:38.441 +00:00'),(18983,'James Conner',30,1100,700,2,25,'2021-08-16 16:46:38.441 +00:00','2021-08-16 16:46:38.441 +00:00'),(16933,'James O''Shaughnessy',80,1100,700,4,15,'2021-08-16 16:46:38.441 +00:00','2021-08-16 16:46:38.441 +00:00'),(19865,'James Washington',13,1100,700,3,25,'2021-08-16 16:46:38.441 +00:00','2021-08-16 16:46:38.441 +00:00'),(16056,'James White',28,1100,700,2,19,'2021-08-16 16:46:38.441 +00:00','2021-08-16 16:46:38.441 +00:00'),(16866,'Jamison Crowder',82,1100,700,3,22,'2021-08-16 16:46:38.441 +00:00','2021-08-16 16:46:38.441 +00:00'),(17922,'Jared Goff',16,1100,700,1,11,'2021-08-16 16:46:38.441 +00:00','2021-08-16 16:46:38.441 +00:00'),(20954,'Jarrett Stidham',4,1100,700,1,19,'2021-08-16 16:46:38.441 +00:00','2021-08-16 16:46:38.441 +00:00'),(16020,'Jarvis Landry',80,1100,700,3,8,'2021-08-16 16:46:38.441 +00:00','2021-08-16 16:46:38.441 +00:00'),(19415,'Jason Croom',48,1100,700,4,24,'2021-08-16 16:46:38.441 +00:00','2021-08-16 16:46:38.441 +00:00'),(21178,'Jason Moore',11,1100,700,3,26,'2021-08-16 16:46:38.441 +00:00','2021-08-16 16:46:38.441 +00:00'),(17215,'Jason Myers',5,1100,700,5,28,'2021-08-16 16:46:38.441 +00:00','2021-08-16 16:46:38.441 +00:00'),(20033,'Jason Sanders',7,1100,700,5,17,'2021-08-16 16:46:38.441 +00:00','2021-08-16 16:46:38.441 +00:00'),(20011,'Javon Wims',83,1100,700,3,6,'2021-08-16 16:46:38.441 +00:00','2021-08-16 16:46:38.441 +00:00'),(18673,'Jaydon Mickens',85,1100,700,3,30,'2021-08-16 16:46:38.441 +00:00','2021-08-16 16:46:38.441 +00:00'),(18464,'JD McKissic',41,1100,700,3,32,'2021-08-16 16:46:38.441 +00:00','2021-08-16 16:46:38.441 +00:00'),(20328,'Jeff Badet',84,1100,700,3,32,'2021-08-16 16:46:38.441 +00:00','2021-08-16 16:46:38.441 +00:00'),(18123,'Jeff Driskel',9,1100,700,1,10,'2021-08-16 16:46:38.441 +00:00','2021-08-16 16:46:38.441 +00:00'),(20360,'Jeffery Wilson',30,1100,700,2,27,'2021-08-16 16:46:38.441 +00:00','2021-08-16 16:46:38.441 +00:00'),(21078,'Jeff Smith',16,1100,700,3,22,'2021-08-16 16:46:38.441 +00:00','2021-08-16 16:46:38.441 +00:00'),(21177,'Jeremy Cox',35,1100,700,2,10,'2021-08-16 16:46:38.441 +00:00','2021-08-16 16:46:38.441 +00:00'),(19065,'Jeremy McNichols',28,1100,700,2,31,'2021-08-16 16:46:38.441 +00:00','2021-08-16 16:46:38.441 +00:00'),(19067,'Jeremy Sprinkle',87,1100,700,4,32,'2021-08-16 16:46:38.441 +00:00','2021-08-16 16:46:38.441 +00:00'),(16510,'Jerick McKinnon',28,1100,700,2,27,'2021-08-16 16:46:38.441 +00:00','2021-08-16 16:46:38.441 +00:00'),(40084,'Jerry Jeudy',10,1100,700,3,10,'2021-08-16 16:46:38.441 +00:00','2021-08-16 16:46:38.441 +00:00'),(20812,'Jesper Horsted',87,1100,700,4,6,'2021-08-16 16:46:38.441 +00:00','2021-08-16 16:46:38.441 +00:00'),(20296,'Jester Weah',19,1100,700,3,6,'2021-08-16 16:46:38.441 +00:00','2021-08-16 16:46:38.441 +00:00'),(16041,'Jimmy Garoppolo',10,1100,700,1,27,'2021-08-16 16:46:38.441 +00:00','2021-08-16 16:46:38.441 +00:00'),(11488,'Jimmy Graham',80,1100,700,4,6,'2021-08-16 16:46:38.441 +00:00','2021-08-16 16:46:38.441 +00:00'),(20742,'JJ Arcega-Whiteside',19,1100,700,3,24,'2021-08-16 16:46:38.441 +00:00','2021-08-16 16:46:38.441 +00:00'),(16919,'JJ Nelson',15,1100,700,3,14,'2021-08-16 16:46:38.441 +00:00','2021-08-16 16:46:38.441 +00:00'),(40119,'J.K. Dobbins',27,1100,700,2,3,'2021-08-16 16:46:38.441 +00:00','2021-08-16 16:46:38.441 +00:00'),(21693,'Joe Burrow',9,1100,700,1,7,'2021-08-16 16:46:38.441 +00:00','2021-08-16 16:46:38.441 +00:00'),(611,'Joe Flacco',5,1100,700,1,22,'2021-08-16 16:46:38.441 +00:00','2021-08-16 16:46:38.441 +00:00'),(21383,'Joe Fortson',1,1100,700,3,16,'2021-08-16 16:46:38.441 +00:00','2021-08-16 16:46:38.441 +00:00'),(18858,'Joe Mixon',28,1100,700,2,7,'2021-08-16 16:46:38.441 +00:00','2021-08-16 16:46:38.441 +00:00'),(11422,'Joe Webb',19,1100,700,1,21,'2021-08-16 16:46:38.441 +00:00','2021-08-16 16:46:38.441 +00:00'),(21519,'Joey Slye',4,1100,700,5,5,'2021-08-16 16:46:38.441 +00:00','2021-08-16 16:46:38.441 +00:00'),(20351,'John Franklin III',5,1100,700,3,30,'2021-08-16 16:46:38.441 +00:00','2021-08-16 16:46:38.441 +00:00'),(400814,'John Hurst',60,1100,700,3,26,'2021-08-16 16:46:38.441 +00:00','2021-08-16 16:46:38.441 +00:00'),(19957,'John Kelly',49,1100,700,2,8,'2021-08-16 16:46:38.441 +00:00','2021-08-16 16:46:38.441 +00:00'),(19165,'Johnny Mundt',82,1100,700,4,29,'2021-08-16 16:46:38.441 +00:00','2021-08-16 16:46:38.441 +00:00'),(20581,'Johnny Stanton',43,1100,700,2,8,'2021-08-16 16:46:38.441 +00:00','2021-08-16 16:46:38.441 +00:00'),(18881,'John Ross',11,1100,700,3,21,'2021-08-16 16:46:38.441 +00:00','2021-08-16 16:46:38.441 +00:00'),(20970,'John Ursua',15,1100,700,3,28,'2021-08-16 16:46:38.441 +00:00','2021-08-16 16:46:38.441 +00:00'),(19184,'Jojo Natson',19,1100,700,3,8,'2021-08-16 16:46:38.441 +00:00','2021-08-16 16:46:38.441 +00:00'),(40105,'Jonathan Taylor',28,1100,700,2,14,'2021-08-16 16:46:38.441 +00:00','2021-08-16 16:46:38.441 +00:00'),(635508,'Jonathan Ward',38,1100,700,2,1,'2021-08-16 16:46:38.441 +00:00','2021-08-16 16:46:38.441 +00:00'),(18073,'Jonathan Williams',38,1100,700,2,32,'2021-08-16 16:46:38.441 +00:00','2021-08-16 16:46:38.441 +00:00'),(18619,'Jon Brown',0,1100,700,5,23,'2021-08-16 16:46:38.441 +00:00','2021-08-16 16:46:38.441 +00:00'),(18990,'Jonnu Smith',81,1100,700,4,19,'2021-08-16 16:46:38.441 +00:00','2021-08-16 16:46:38.441 +00:00'),(21451,'Jon''vea Johnson',81,1100,700,3,9,'2021-08-16 16:46:38.441 +00:00','2021-08-16 16:46:38.441 +00:00'),(19903,'Jordan Akins',88,1100,700,4,13,'2021-08-16 16:46:38.441 +00:00','2021-08-16 16:46:38.441 +00:00'),(20122,'Jordan Chunn',38,1100,700,2,21,'2021-08-16 16:46:38.441 +00:00','2021-08-16 16:46:38.441 +00:00'),(20264,'Jordan Franks',87,1100,700,4,8,'2021-08-16 16:46:38.441 +00:00','2021-08-16 16:46:38.441 +00:00'),(40092,'Jordan Love',10,1100,700,1,12,'2021-08-16 16:46:38.441 +00:00','2021-08-16 16:46:38.441 +00:00'),(15100,'Jordan Reed',81,1100,700,4,27,'2021-08-16 16:46:38.441 +00:00','2021-08-16 16:46:38.441 +00:00'),(20935,'Jordan Scarlett',20,1100,700,2,17,'2021-08-16 16:46:38.441 +00:00','2021-08-16 16:46:38.441 +00:00'),(20020,'Jordan Thomas',83,1100,700,4,14,'2021-08-16 16:46:38.441 +00:00','2021-08-16 16:46:38.441 +00:00'),(19979,'Jordan Wilkins',20,1100,700,2,14,'2021-08-16 16:46:38.441 +00:00','2021-08-16 16:46:38.441 +00:00'),(20075,'Josh Adams',36,1100,700,2,22,'2021-08-16 16:46:38.441 +00:00','2021-08-16 16:46:38.441 +00:00'),(19801,'Josh Allen',17,1100,700,1,4,'2021-08-16 16:46:38.441 +00:00','2021-08-16 16:46:38.441 +00:00'),(17939,'Josh Doctson',18,1100,700,3,22,'2021-08-16 16:46:38.441 +00:00','2021-08-16 16:46:38.441 +00:00'),(400976,'Josh Hammond',81,1100,700,3,15,'2021-08-16 16:46:38.441 +00:00','2021-08-16 16:46:38.441 +00:00'),(15866,'Josh Hill',89,1100,700,4,11,'2021-08-16 16:46:38.441 +00:00','2021-08-16 16:46:38.441 +00:00'),(400770,'Josh Hokit',40,1100,700,2,27,'2021-08-16 16:46:38.441 +00:00','2021-08-16 16:46:38.441 +00:00'),(20824,'Josh Jacobs',28,1100,700,2,23,'2021-08-16 16:46:38.441 +00:00','2021-08-16 16:46:38.441 +00:00'),(6489,'Josh Johnson',1,1100,700,1,27,'2021-08-16 16:46:38.441 +00:00','2021-08-16 16:46:38.441 +00:00'),(17139,'Josh Lambo',4,1100,700,5,15,'2021-08-16 16:46:38.441 +00:00','2021-08-16 16:46:38.441 +00:00'),(19006,'Josh Malone',83,1100,700,3,22,'2021-08-16 16:46:38.441 +00:00','2021-08-16 16:46:38.441 +00:00'),(20899,'Josh Oliver',89,1100,700,4,15,'2021-08-16 16:46:38.441 +00:00','2021-08-16 16:46:38.441 +00:00'),(400819,'Josh Pearson',89,1100,700,3,30,'2021-08-16 16:46:38.441 +00:00','2021-08-16 16:46:38.441 +00:00'),(19017,'Josh Reynolds',11,1100,700,3,29,'2021-08-16 16:46:38.441 +00:00','2021-08-16 16:46:38.441 +00:00'),(19763,'Josh Rosen',2,1100,700,1,27,'2021-08-16 16:46:38.441 +00:00','2021-08-16 16:46:38.441 +00:00'),(19025,'Joshua Dobbs',5,1100,700,1,25,'2021-08-16 16:46:38.441 +00:00','2021-08-16 16:46:38.441 +00:00'),(18468,'Joshua Perkins',81,1100,700,4,24,'2021-08-16 16:46:38.441 +00:00','2021-08-16 16:46:38.441 +00:00'),(18498,'JP Holtz',81,1100,700,4,6,'2021-08-16 16:46:38.441 +00:00','2021-08-16 16:46:38.441 +00:00'),(18883,'JuJu Smith-Schuster',19,1100,700,3,25,'2021-08-16 16:46:38.441 +00:00','2021-08-16 16:46:38.441 +00:00'),(8355,'Julian Edelman',11,1100,700,3,19,'2021-08-16 16:46:38.441 +00:00','2021-08-16 16:46:38.441 +00:00'),(13291,'Julio Jones',11,1100,700,3,2,'2021-08-16 16:46:38.441 +00:00','2021-08-16 16:46:38.441 +00:00'),(20802,'Justice Hill',43,1100,700,2,3,'2021-08-16 16:46:38.441 +00:00','2021-08-16 16:46:38.441 +00:00'),(40245,'Justin Herbert',10,1100,700,1,26,'2021-08-16 16:46:38.441 +00:00','2021-08-16 16:46:38.441 +00:00'),(20064,'Justin Jackson',22,1100,700,2,26,'2021-08-16 16:46:38.441 +00:00','2021-08-16 16:46:38.441 +00:00'),(40089,'Justin Jefferson',18,1100,700,3,18,'2021-08-16 16:46:38.441 +00:00','2021-08-16 16:46:38.441 +00:00'),(14688,'Justin Tucker',9,1100,700,5,3,'2021-08-16 16:46:38.441 +00:00','2021-08-16 16:46:38.441 +00:00'),(19922,'Justin Watson',17,1100,700,3,30,'2021-08-16 16:46:38.441 +00:00','2021-08-16 16:46:38.441 +00:00'),(21115,'Juwann Winfree',88,1100,700,3,12,'2021-08-16 16:46:38.441 +00:00','2021-08-16 16:46:38.441 +00:00'),(21418,'Kabion Ento',48,1100,700,3,12,'2021-08-16 16:46:38.441 +00:00','2021-08-16 16:46:38.441 +00:00'),(20946,'Kaden Smith',82,1100,700,4,21,'2021-08-16 16:46:38.441 +00:00','2021-08-16 16:46:38.441 +00:00'),(20974,'Kahale Warring',81,1100,700,4,13,'2021-08-16 16:46:38.441 +00:00','2021-08-16 16:46:38.441 +00:00'),(18215,'Ka''imi Fairbairn',7,1100,700,5,13,'2021-08-16 16:46:38.441 +00:00','2021-08-16 16:46:38.441 +00:00'),(19824,'Kalen Ballage',31,1100,700,2,26,'2021-08-16 16:46:38.441 +00:00','2021-08-16 16:46:38.441 +00:00'),(18422,'Kalif Raymond',14,1100,700,3,31,'2021-08-16 16:46:38.441 +00:00','2021-08-16 16:46:38.441 +00:00'),(18944,'Kareem Hunt',27,1100,700,2,8,'2021-08-16 16:46:38.441 +00:00','2021-08-16 16:46:38.441 +00:00'),(19514,'Keelan Cole',84,1100,700,3,15,'2021-08-16 16:46:38.441 +00:00','2021-08-16 16:46:38.441 +00:00'),(21072,'Keelan Doss',18,1100,700,3,23,'2021-08-16 16:46:38.441 +00:00','2021-08-16 16:46:38.441 +00:00'),(15076,'Keenan Allen',13,1100,700,3,26,'2021-08-16 16:46:38.441 +00:00','2021-08-16 16:46:38.441 +00:00'),(20835,'KeeSean Johnson',19,1100,700,3,1,'2021-08-16 16:46:38.441 +00:00','2021-08-16 16:46:38.441 +00:00'),(20071,'Keith Kirkwood',19,1100,700,3,5,'2021-08-16 16:46:38.441 +00:00','2021-08-16 16:46:38.441 +00:00'),(19937,'Keke Coutee',16,1100,700,3,13,'2021-08-16 16:46:38.441 +00:00','2021-08-16 16:46:38.441 +00:00'),(20789,'Kelvin Harmon',13,1100,700,3,32,'2021-08-16 16:46:38.441 +00:00','2021-08-16 16:46:38.441 +00:00'),(21032,'Kendall Blanton',86,1100,700,4,29,'2021-08-16 16:46:38.441 +00:00','2021-08-16 16:46:38.441 +00:00'),(19318,'Kendrick Bourne',84,1100,700,3,19,'2021-08-16 16:46:38.441 +00:00','2021-08-16 16:46:38.441 +00:00'),(15185,'Kenjon Barner',44,1100,700,2,30,'2021-08-16 16:46:38.441 +00:00','2021-08-16 16:46:38.441 +00:00'),(18977,'Kenny Golladay',19,1100,700,3,21,'2021-08-16 16:46:38.441 +00:00','2021-08-16 16:46:38.441 +00:00'),(18003,'Kenyan Drake',41,1100,700,2,1,'2021-08-16 16:46:38.441 +00:00','2021-08-16 16:46:38.441 +00:00'),(19822,'Kerryon Johnson',33,1100,700,2,11,'2021-08-16 16:46:38.441 +00:00','2021-08-16 16:46:38.441 +00:00'),(40139,'Ke''Shawn Vaughn',30,1100,700,2,30,'2021-08-16 16:46:38.441 +00:00','2021-08-16 16:46:38.441 +00:00'),(20134,'Kevin Rader',87,1100,700,4,25,'2021-08-16 16:46:38.441 +00:00','2021-08-16 16:46:38.441 +00:00'),(16768,'Kevin White',88,1100,700,3,27,'2021-08-16 16:46:38.441 +00:00','2021-08-16 16:46:38.441 +00:00'),(20679,'Khadarel Hodge',12,1100,700,3,8,'2021-08-16 16:46:38.441 +00:00','2021-08-16 16:46:38.441 +00:00'),(19129,'Khalfani Muhammad',33,1100,700,2,1,'2021-08-16 16:46:38.441 +00:00','2021-08-16 16:46:38.441 +00:00'),(21310,'Khari Blasingame',41,1100,700,2,31,'2021-08-16 16:46:38.441 +00:00','2021-08-16 16:46:38.441 +00:00'),(14252,'Kirk Cousins',8,1100,700,1,18,'2021-08-16 16:46:38.441 +00:00','2021-08-16 16:46:38.441 +00:00'),(40110,'K.J. Hamler',13,1100,700,3,10,'2021-08-16 16:46:38.441 +00:00','2021-08-16 16:46:38.441 +00:00'),(19403,'Krishawn Hogan',10,1100,700,3,1,'2021-08-16 16:46:38.441 +00:00','2021-08-16 16:46:38.441 +00:00'),(400810,'Kristian Wilkerson',88,1100,700,3,19,'2021-08-16 16:46:38.441 +00:00','2021-08-16 16:46:38.441 +00:00'),(20053,'Kyle Allen',8,1100,700,1,32,'2021-08-16 16:46:38.441 +00:00','2021-08-16 16:46:38.441 +00:00'),(19913,'Kyle Lauletta',17,1100,700,1,8,'2021-08-16 16:46:38.441 +00:00','2021-08-16 16:46:38.441 +00:00'),(20889,'Kyler Murray',1,1100,700,1,1,'2021-08-16 16:46:38.441 +00:00','2021-08-16 16:46:38.441 +00:00'),(13275,'Kyle Rudolph',82,1100,700,4,18,'2021-08-16 16:46:38.441 +00:00','2021-08-16 16:46:38.441 +00:00'),(21143,'Kyle Shurmur',6,1100,700,1,7,'2021-08-16 16:46:38.441 +00:00','2021-08-16 16:46:38.441 +00:00'),(19475,'Kyle Sloter',1,1100,700,1,23,'2021-08-16 16:46:38.441 +00:00','2021-08-16 16:46:38.441 +00:00'),(19781,'Lamar Jackson',8,1100,700,1,3,'2021-08-16 16:46:38.441 +00:00','2021-08-16 16:46:38.441 +00:00'),(13791,'Lamar Miller',35,1100,700,2,32,'2021-08-16 16:46:38.441 +00:00','2021-08-16 16:46:38.441 +00:00'),(17914,'Laquon Treadwell',80,1100,700,3,2,'2021-08-16 16:46:38.441 +00:00','2021-08-16 16:46:38.441 +00:00'),(5571,'Larry Fitzgerald',11,1100,700,3,1,'2021-08-16 16:46:38.441 +00:00','2021-08-16 16:46:38.441 +00:00'),(15071,'Latavius Murray',28,1100,700,2,20,'2021-08-16 16:46:38.441 +00:00','2021-08-16 16:46:38.441 +00:00'),(40106,'Laviska Shenault Jr',10,1100,700,3,15,'2021-08-16 16:46:38.441 +00:00','2021-08-16 16:46:38.441 +00:00'),(400938,'Lawrence Cager',86,1100,700,3,22,'2021-08-16 16:46:38.441 +00:00','2021-08-16 16:46:38.441 +00:00'),(12777,'Lee Smith',85,1100,700,4,2,'2021-08-16 16:46:38.441 +00:00','2021-08-16 16:46:38.441 +00:00'),(18803,'Leonard Fournette',28,1100,700,2,30,'2021-08-16 16:46:38.441 +00:00','2021-08-16 16:46:38.441 +00:00'),(11932,'LeSean McCoy',25,1100,700,2,30,'2021-08-16 16:46:38.441 +00:00','2021-08-16 16:46:38.441 +00:00'),(14967,'Le''Veon Bell',26,1100,700,2,16,'2021-08-16 16:46:38.441 +00:00','2021-08-16 16:46:38.441 +00:00'),(15378,'Levine Toilolo',85,1100,700,4,21,'2021-08-16 16:46:38.441 +00:00','2021-08-16 16:46:38.441 +00:00'),(20816,'Lil''jordan Humphrey',84,1100,700,3,20,'2021-08-16 16:46:38.441 +00:00','2021-08-16 16:46:38.441 +00:00'),(400790,'Lirim Hajrullahu',9,1100,700,5,5,'2021-08-16 16:46:38.441 +00:00','2021-08-16 16:46:38.441 +00:00'),(16656,'Logan Thomas',82,1100,700,4,32,'2021-08-16 16:46:38.441 +00:00','2021-08-16 16:46:38.441 +00:00'),(20055,'Logan Woodside',5,1100,700,1,31,'2021-08-16 16:46:38.441 +00:00','2021-08-16 16:46:38.441 +00:00'),(13370,'Luke Stocker',88,1100,700,4,2,'2021-08-16 16:46:38.441 +00:00','2021-08-16 16:46:38.441 +00:00'),(15263,'Luke Willson',82,1100,700,4,28,'2021-08-16 16:46:38.441 +00:00','2021-08-16 16:46:38.441 +00:00'),(19023,'Mack Hollins',86,1100,700,3,17,'2021-08-16 16:46:38.441 +00:00','2021-08-16 16:46:38.441 +00:00'),(17053,'Malcolm Brown',34,1100,700,2,17,'2021-08-16 16:46:38.441 +00:00','2021-08-16 16:46:38.441 +00:00'),(21169,'Malik Taylor',86,1100,700,3,12,'2021-08-16 16:46:38.441 +00:00','2021-08-16 16:46:38.441 +00:00'),(20684,'Malik Turner',17,1100,700,3,9,'2021-08-16 16:46:38.441 +00:00','2021-08-16 16:46:38.441 +00:00'),(3061,'Marcedes Lewis',89,1100,700,4,12,'2021-08-16 16:46:38.441 +00:00','2021-08-16 16:46:38.441 +00:00'),(19811,'Marcell Ateman',88,1100,700,3,23,'2021-08-16 16:46:38.441 +00:00','2021-08-16 16:46:38.441 +00:00'),(20174,'Marcus Baugh',85,1100,700,4,32,'2021-08-16 16:46:38.441 +00:00','2021-08-16 16:46:38.441 +00:00'),(18209,'Marcus Johnson',88,1100,700,3,31,'2021-08-16 16:46:38.441 +00:00','2021-08-16 16:46:38.441 +00:00'),(19361,'Marcus Kemp',19,1100,700,3,16,'2021-08-16 16:46:38.441 +00:00','2021-08-16 16:46:38.441 +00:00'),(16763,'Marcus Mariota',8,1100,700,1,23,'2021-08-16 16:46:38.441 +00:00','2021-08-16 16:46:38.441 +00:00'),(20549,'Marcus Martin',68,1100,700,2,19,'2021-08-16 16:46:38.441 +00:00','2021-08-16 16:46:38.441 +00:00'),(19803,'Mark Andrews',89,1100,700,4,3,'2021-08-16 16:46:38.441 +00:00','2021-08-16 16:46:38.441 +00:00'),(18343,'Marken Michel',83,1100,700,3,5,'2021-08-16 16:46:38.441 +00:00','2021-08-16 16:46:38.441 +00:00'),(18998,'Marlon Mack',25,1100,700,2,14,'2021-08-16 16:46:38.441 +00:00','2021-08-16 16:46:38.441 +00:00'),(16258,'Marqise Lee',13,1100,700,3,19,'2021-08-16 16:46:38.441 +00:00','2021-08-16 16:46:38.441 +00:00'),(400855,'Marquez Callaway',12,1100,700,3,20,'2021-08-16 16:46:38.441 +00:00','2021-08-16 16:46:38.441 +00:00'),(19976,'Marquez Valdes-Scantling',83,1100,700,3,12,'2021-08-16 16:46:38.441 +00:00','2021-08-16 16:46:38.441 +00:00'),(21045,'Marquise Brown',15,1100,700,3,3,'2021-08-16 16:46:38.441 +00:00','2021-08-16 16:46:38.441 +00:00'),(18717,'Marvin Hall',18,1100,700,3,8,'2021-08-16 16:46:38.441 +00:00','2021-08-16 16:46:38.441 +00:00'),(13870,'Marvin Jones',11,1100,700,3,15,'2021-08-16 16:46:38.441 +00:00','2021-08-16 16:46:38.441 +00:00'),(1694,'Mason Crosby',2,1100,700,5,12,'2021-08-16 16:46:38.441 +00:00','2021-08-16 16:46:38.441 +00:00'),(400805,'Mason Kinsey',19,1100,700,3,31,'2021-08-16 16:46:38.441 +00:00','2021-08-16 16:46:38.441 +00:00'),(19850,'Mason Rudolph',2,1100,700,1,25,'2021-08-16 16:46:38.441 +00:00','2021-08-16 16:46:38.441 +00:00'),(19075,'Mason Schreck',86,1100,700,4,7,'2021-08-16 16:46:38.441 +00:00','2021-08-16 16:46:38.441 +00:00'),(14855,'Matt Barkley',5,1100,700,1,4,'2021-08-16 16:46:38.441 +00:00','2021-08-16 16:46:38.441 +00:00'),(19319,'Matt Breida',22,1100,700,2,17,'2021-08-16 16:46:38.441 +00:00','2021-08-16 16:46:38.441 +00:00'),(400776,'Matt Cole',82,1100,700,3,27,'2021-08-16 16:46:38.441 +00:00','2021-08-16 16:46:38.441 +00:00'),(20769,'Matt Gay',1,1100,700,5,29,'2021-08-16 16:46:38.441 +00:00','2021-08-16 16:46:38.441 +00:00'),(20466,'Matthew McCrane',9,1100,700,5,8,'2021-08-16 16:46:38.441 +00:00','2021-08-16 16:46:38.441 +00:00'),(7651,'Matthew Slater',18,1100,700,3,19,'2021-08-16 16:46:38.441 +00:00','2021-08-16 16:46:38.441 +00:00'),(9038,'Matthew Stafford',9,1100,700,1,29,'2021-08-16 16:46:38.441 +00:00','2021-08-16 16:46:38.441 +00:00'),(21203,'Matthew Wright',16,1100,700,5,11,'2021-08-16 16:46:38.441 +00:00','2021-08-16 16:46:38.441 +00:00'),(17415,'Matt LaCosse',83,1100,700,4,19,'2021-08-16 16:46:38.441 +00:00','2021-08-16 16:46:38.441 +00:00'),(549,'Matt Prater',5,1100,700,5,1,'2021-08-16 16:46:38.441 +00:00','2021-08-16 16:46:38.441 +00:00'),(732,'Matt Ryan',2,1100,700,1,2,'2021-08-16 16:46:38.441 +00:00','2021-08-16 16:46:38.441 +00:00'),(4633,'Matt Schaub',8,1100,700,1,2,'2021-08-16 16:46:38.441 +00:00','2021-08-16 16:46:38.441 +00:00'),(21158,'Matt Sokol',48,1100,700,4,26,'2021-08-16 16:46:38.441 +00:00','2021-08-16 16:46:38.441 +00:00'),(16816,'Maxx Williams',87,1100,700,4,1,'2021-08-16 16:46:38.441 +00:00','2021-08-16 16:46:38.441 +00:00'),(20788,'Mecole Hardman',17,1100,700,3,16,'2021-08-16 16:46:38.441 +00:00','2021-08-16 16:46:38.441 +00:00'),(16776,'Melvin Gordon',25,1100,700,2,10,'2021-08-16 16:46:38.441 +00:00','2021-08-16 16:46:38.441 +00:00'),(20144,'Michael Badgley',4,1100,700,5,26,'2021-08-16 16:46:38.441 +00:00','2021-08-16 16:46:38.441 +00:00'),(19867,'Michael Gallup',13,1100,700,3,9,'2021-08-16 16:46:38.441 +00:00','2021-08-16 16:46:38.441 +00:00'),(40099,'Michael Pittman Jr',11,1100,700,3,14,'2021-08-16 16:46:38.441 +00:00','2021-08-16 16:46:38.441 +00:00'),(17960,'Michael Thomas',13,1100,700,3,20,'2021-08-16 16:46:38.441 +00:00','2021-08-16 16:46:38.441 +00:00'),(20159,'Mike Boone',23,1100,700,2,18,'2021-08-16 16:46:38.441 +00:00','2021-08-16 16:46:38.441 +00:00'),(16887,'Mike Davis',28,1100,700,2,5,'2021-08-16 16:46:38.441 +00:00','2021-08-16 16:46:38.441 +00:00'),(16597,'Mike Evans',13,1100,700,3,30,'2021-08-16 16:46:38.441 +00:00','2021-08-16 16:46:38.441 +00:00'),(19853,'Mike Gesicki',88,1100,700,4,17,'2021-08-16 16:46:38.441 +00:00','2021-08-16 16:46:38.441 +00:00'),(15201,'Mike Glennon',2,1100,700,1,15,'2021-08-16 16:46:38.441 +00:00','2021-08-16 16:46:38.441 +00:00'),(11735,'Mike Nugent',2,1100,700,5,1,'2021-08-16 16:46:38.441 +00:00','2021-08-16 16:46:38.441 +00:00'),(18445,'Mike Thomas',80,1100,700,3,7,'2021-08-16 16:46:38.441 +00:00','2021-08-16 16:46:38.441 +00:00'),(20976,'Mike Weber',38,1100,700,2,12,'2021-08-16 16:46:38.441 +00:00','2021-08-16 16:46:38.441 +00:00'),(19972,'Mike White',8,1100,700,1,22,'2021-08-16 16:46:38.441 +00:00','2021-08-16 16:46:38.441 +00:00'),(18914,'Mike Williams',81,1100,700,3,26,'2021-08-16 16:46:38.441 +00:00','2021-08-16 16:46:38.441 +00:00'),(21037,'Miles Boykin',80,1100,700,3,3,'2021-08-16 16:46:38.441 +00:00','2021-08-16 16:46:38.441 +00:00'),(20933,'Miles Sanders',26,1100,700,2,24,'2021-08-16 16:46:38.441 +00:00','2021-08-16 16:46:38.441 +00:00'),(400955,'Mitchell Wilcox',84,1100,700,4,7,'2021-08-16 16:46:38.441 +00:00','2021-08-16 16:46:38.441 +00:00'),(18811,'Mitch Trubisky',10,1100,700,1,6,'2021-08-16 16:46:38.441 +00:00','2021-08-16 16:46:38.441 +00:00'),(18900,'Mo Alie-Cox',81,1100,700,4,14,'2021-08-16 16:46:38.441 +00:00','2021-08-16 16:46:38.441 +00:00'),(13878,'Mohamed Sanu',12,1100,700,3,11,'2021-08-16 16:46:38.441 +00:00','2021-08-16 16:46:38.441 +00:00'),(16903,'MyCole Pruitt',85,1100,700,4,31,'2021-08-16 16:46:38.441 +00:00','2021-08-16 16:46:38.441 +00:00'),(20768,'Myles Gaskin',37,1100,700,2,17,'2021-08-16 16:46:38.441 +00:00','2021-08-16 16:46:38.441 +00:00'),(21409,'Nate Becker',84,1100,700,4,4,'2021-08-16 16:46:38.441 +00:00','2021-08-16 16:46:38.441 +00:00'),(18104,'Nate Sudfeld',7,1100,700,1,24,'2021-08-16 16:46:38.441 +00:00','2021-08-16 16:46:38.441 +00:00'),(400835,'Nate Wieting',87,1100,700,4,21,'2021-08-16 16:46:38.441 +00:00','2021-08-16 16:46:38.441 +00:00'),(19029,'Nathan Peterman',3,1100,700,1,23,'2021-08-16 16:46:38.441 +00:00','2021-08-16 16:46:38.441 +00:00'),(16781,'Nelson Agholor',15,1100,700,3,19,'2021-08-16 16:46:38.441 +00:00','2021-08-16 16:46:38.441 +00:00'),(400762,'Nick Bowers',49,1100,700,4,23,'2021-08-16 16:46:38.441 +00:00','2021-08-16 16:46:38.441 +00:00'),(16931,'Nick Boyle',86,1100,700,4,3,'2021-08-16 16:46:38.441 +00:00','2021-08-16 16:46:38.441 +00:00'),(19798,'Nick Chubb',24,1100,700,2,8,'2021-08-16 16:46:38.441 +00:00','2021-08-16 16:46:38.441 +00:00'),(13723,'Nick Foles',9,1100,700,1,6,'2021-08-16 16:46:38.441 +00:00','2021-08-16 16:46:38.441 +00:00'),(11694,'Nick Folk',6,1100,700,5,19,'2021-08-16 16:46:38.441 +00:00','2021-08-16 16:46:38.441 +00:00'),(20563,'Nick Keizer',48,1100,700,4,16,'2021-08-16 16:46:38.441 +00:00','2021-08-16 16:46:38.441 +00:00'),(19330,'Nick Mullens',4,1100,700,1,27,'2021-08-16 16:46:38.441 +00:00','2021-08-16 16:46:38.441 +00:00'),(16954,'Nick O''Leary',84,1100,700,4,23,'2021-08-16 16:46:38.441 +00:00','2021-08-16 16:46:38.441 +00:00'),(18019,'Nick Vannett',88,1100,700,4,10,'2021-08-16 16:46:38.441 +00:00','2021-08-16 16:46:38.441 +00:00'),(400809,'Nick Westbrook',15,1100,700,3,31,'2021-08-16 16:46:38.441 +00:00','2021-08-16 16:46:38.441 +00:00'),(20792,'N''Keal Harry',15,1100,700,3,19,'2021-08-16 16:46:38.441 +00:00','2021-08-16 16:46:38.441 +00:00'),(19080,'Noah Brown',85,1100,700,3,9,'2021-08-16 16:46:38.441 +00:00','2021-08-16 16:46:38.441 +00:00'),(20753,'Noah Fant',87,1100,700,4,10,'2021-08-16 16:46:38.441 +00:00','2021-08-16 16:46:38.441 +00:00'),(21295,'Nsimba Webster',14,1100,700,3,29,'2021-08-16 16:46:38.441 +00:00','2021-08-16 16:46:38.441 +00:00'),(19912,'Nyheim Hines',21,1100,700,2,14,'2021-08-16 16:46:38.441 +00:00','2021-08-16 16:46:38.441 +00:00'),(16389,'Odell Beckham Jr',13,1100,700,3,8,'2021-08-16 16:46:38.441 +00:00','2021-08-16 16:46:38.441 +00:00'),(18901,'OJ Howard',80,1100,700,4,30,'2021-08-16 16:46:38.441 +00:00','2021-08-16 16:46:38.441 +00:00'),(20836,'Olabisi Johnson',81,1100,700,3,18,'2021-08-16 16:46:38.441 +00:00','2021-08-16 16:46:38.441 +00:00'),(21142,'Olamide Zaccheaus',17,1100,700,3,2,'2021-08-16 16:46:38.441 +00:00','2021-08-16 16:46:38.441 +00:00'),(21569,'Parker Hesse',83,1100,700,4,31,'2021-08-16 16:46:38.441 +00:00','2021-08-16 16:46:38.441 +00:00'),(21005,'Parris Campbell',15,1100,700,3,14,'2021-08-16 16:46:38.441 +00:00','2021-08-16 16:46:38.441 +00:00'),(400837,'Patrick Carr',39,1100,700,2,28,'2021-08-16 16:46:38.441 +00:00','2021-08-16 16:46:38.441 +00:00'),(21211,'Patrick Laird',32,1100,700,2,17,'2021-08-16 16:46:38.441 +00:00','2021-08-16 16:46:38.441 +00:00'),(18890,'Patrick Mahomes',15,1100,700,1,16,'2021-08-16 16:46:38.441 +00:00','2021-08-16 16:46:38.441 +00:00'),(19209,'Patrick Ricard',42,1100,700,2,3,'2021-08-16 16:46:38.441 +00:00','2021-08-16 16:46:38.441 +00:00'),(400918,'Patrick Taylor Jr.',27,1100,700,2,12,'2021-08-16 16:46:38.441 +00:00','2021-08-16 16:46:38.441 +00:00'),(17972,'Paul Perkins',39,1100,700,2,14,'2021-08-16 16:46:38.441 +00:00','2021-08-16 16:46:38.441 +00:00'),(18375,'Peyton Barber',34,1100,700,2,32,'2021-08-16 16:46:38.441 +00:00','2021-08-16 16:46:38.441 +00:00'),(19304,'Pharaoh Brown',85,1100,700,4,13,'2021-08-16 16:46:38.441 +00:00','2021-08-16 16:46:38.441 +00:00'),(18039,'Pharoh Cooper',14,1100,700,3,5,'2021-08-16 16:46:38.441 +00:00','2021-08-16 16:46:38.441 +00:00'),(16790,'Phillip Dorsett',11,1100,700,3,28,'2021-08-16 16:46:38.441 +00:00','2021-08-16 16:46:38.441 +00:00'),(20128,'Phillip Lindsay',30,1100,700,2,10,'2021-08-16 16:46:38.441 +00:00','2021-08-16 16:46:38.441 +00:00'),(635478,'P.J. Walker',6,1100,700,1,5,'2021-08-16 16:46:38.441 +00:00','2021-08-16 16:46:38.441 +00:00'),(20988,'Preston Williams',18,1100,700,3,17,'2021-08-16 16:46:38.441 +00:00','2021-08-16 16:46:38.441 +00:00'),(20900,'Qadree Ollison',30,1100,700,2,2,'2021-08-16 16:46:38.441 +00:00','2021-08-16 16:46:38.441 +00:00'),(19198,'Quincy Adeboyejo',10,1100,700,3,19,'2021-08-16 16:46:38.441 +00:00','2021-08-16 16:46:38.441 +00:00'),(17217,'Raheem Mostert',31,1100,700,2,27,'2021-08-16 16:46:38.441 +00:00','2021-08-16 16:46:38.441 +00:00'),(13227,'Randall Cobb',18,1100,700,3,13,'2021-08-16 16:46:38.441 +00:00','2021-08-16 16:46:38.441 +00:00'),(13961,'Randy Bullock',4,1100,700,5,7,'2021-08-16 16:46:38.441 +00:00','2021-08-16 16:46:38.441 +00:00'),(19799,'Rashaad Penny',20,1100,700,2,28,'2021-08-16 16:46:38.441 +00:00','2021-08-16 16:46:38.441 +00:00'),(19732,'Rashard Davis',12,1100,700,3,31,'2021-08-16 16:46:38.441 +00:00','2021-08-16 16:46:38.441 +00:00'),(18089,'Rashard Higgins',82,1100,700,3,8,'2021-08-16 16:46:38.441 +00:00','2021-08-16 16:46:38.441 +00:00'),(400898,'Rashod Berry',43,1100,700,4,19,'2021-08-16 16:46:38.441 +00:00','2021-08-16 16:46:38.441 +00:00'),(19961,'Ray-Ray McCloud',14,1100,700,3,25,'2021-08-16 16:46:38.441 +00:00','2021-08-16 16:46:38.441 +00:00'),(20103,'Reggie Bonnafon',39,1100,700,2,5,'2021-08-16 16:46:38.441 +00:00','2021-08-16 16:46:38.441 +00:00'),(19582,'Reggie Davis',18,1100,700,3,6,'2021-08-16 16:46:38.441 +00:00','2021-08-16 16:46:38.441 +00:00'),(400774,'Reggie Gilliam',86,1100,700,4,4,'2021-08-16 16:46:38.441 +00:00','2021-08-16 16:46:38.441 +00:00'),(400823,'Reid Sinnett',17,1100,700,1,17,'2021-08-16 16:46:38.441 +00:00','2021-08-16 16:46:38.441 +00:00'),(14917,'Rex Burkhead',34,1100,700,2,19,'2021-08-16 16:46:38.441 +00:00','2021-08-16 16:46:38.441 +00:00'),(16491,'Richard Rodgers',85,1100,700,4,24,'2021-08-16 16:46:38.441 +00:00','2021-08-16 16:46:38.441 +00:00'),(20077,'Richie James',13,1100,700,3,27,'2021-08-16 16:46:38.441 +00:00','2021-08-16 16:46:38.441 +00:00'),(19410,'Ricky Seals-Jones',83,1100,700,4,16,'2021-08-16 16:46:38.441 +00:00','2021-08-16 16:46:38.441 +00:00'),(400881,'Rico Dowdle',34,1100,700,2,9,'2021-08-16 16:46:38.441 +00:00','2021-08-16 16:46:38.441 +00:00'),(20925,'Riley Ridley',88,1100,700,3,6,'2021-08-16 16:46:38.441 +00:00','2021-08-16 16:46:38.441 +00:00'),(19755,'River Cracraft',86,1100,700,3,27,'2021-08-16 16:46:38.441 +00:00','2021-08-16 16:46:38.441 +00:00'),(1410,'Robbie Gould',9,1100,700,5,27,'2021-08-16 16:46:38.441 +00:00','2021-08-16 16:46:38.441 +00:00'),(18187,'Robby Anderson',11,1100,700,3,5,'2021-08-16 16:46:38.441 +00:00','2021-08-16 16:46:38.441 +00:00'),(20250,'Robert Foster',19,1100,700,3,32,'2021-08-16 16:46:38.441 +00:00','2021-08-16 16:46:38.441 +00:00'),(17962,'Roberto Aguayo',3,1100,700,5,19,'2021-08-16 16:46:38.441 +00:00','2021-08-16 16:46:38.441 +00:00'),(19491,'Robert Tonyan Jr.',85,1100,700,4,12,'2021-08-16 16:46:38.441 +00:00','2021-08-16 16:46:38.441 +00:00'),(14871,'Robert Woods',17,1100,700,3,29,'2021-08-16 16:46:38.441 +00:00','2021-08-16 16:46:38.441 +00:00'),(10974,'Rob Gronkowski',87,1100,700,4,30,'2021-08-16 16:46:38.441 +00:00','2021-08-16 16:46:38.441 +00:00'),(19054,'Rodney Adams',13,1100,700,3,6,'2021-08-16 16:46:38.441 +00:00','2021-08-16 16:46:38.441 +00:00'),(400891,'Rodrigo Blankenship',3,1100,700,5,14,'2021-08-16 16:46:38.441 +00:00','2021-08-16 16:46:38.441 +00:00'),(19861,'Ronald Jones II',27,1100,700,2,30,'2021-08-16 16:46:38.441 +00:00','2021-08-16 16:46:38.441 +00:00'),(20361,'Ross Dwelley',82,1100,700,4,27,'2021-08-16 16:46:38.441 +00:00','2021-08-16 16:46:38.441 +00:00'),(17750,'Ross Travis',43,1100,700,4,22,'2021-08-16 16:46:38.441 +00:00','2021-08-16 16:46:38.441 +00:00'),(19823,'Royce Freeman',28,1100,700,2,10,'2021-08-16 16:46:38.441 +00:00','2021-08-16 16:46:38.441 +00:00'),(20006,'Russell Gage',83,1100,700,3,2,'2021-08-16 16:46:38.441 +00:00','2021-08-16 16:46:38.441 +00:00'),(14536,'Russell Wilson',3,1100,700,1,28,'2021-08-16 16:46:38.441 +00:00','2021-08-16 16:46:38.441 +00:00'),(20759,'Ryan Finley',5,1100,700,1,7,'2021-08-16 16:46:38.441 +00:00','2021-08-16 16:46:38.441 +00:00'),(8283,'Ryan Fitzpatrick',14,1100,700,1,32,'2021-08-16 16:46:38.441 +00:00','2021-08-16 16:46:38.441 +00:00'),(14985,'Ryan Griffin',4,1100,700,1,30,'2021-08-16 16:46:38.441 +00:00','2021-08-16 16:46:38.441 +00:00'),(15190,'Ryan Griffin',84,1100,700,4,22,'2021-08-16 16:46:38.441 +00:00','2021-08-16 16:46:38.441 +00:00'),(20069,'Ryan Izzo',85,1100,700,4,19,'2021-08-16 16:46:38.441 +00:00','2021-08-16 16:46:38.441 +00:00'),(20106,'Ryan Nall',35,1100,700,2,6,'2021-08-16 16:46:38.441 +00:00','2021-08-16 16:46:38.441 +00:00'),(8750,'Ryan Succop',3,1100,700,5,30,'2021-08-16 16:46:38.441 +00:00','2021-08-16 16:46:38.441 +00:00'),(19008,'Ryan Switzer',15,1100,700,3,8,'2021-08-16 16:46:38.441 +00:00','2021-08-16 16:46:38.441 +00:00'),(13799,'Ryan Tannehill',17,1100,700,1,31,'2021-08-16 16:46:38.441 +00:00','2021-08-16 16:46:38.441 +00:00'),(20743,'Ryquell Armstead',23,1100,700,2,15,'2021-08-16 16:46:38.441 +00:00','2021-08-16 16:46:38.441 +00:00'),(400909,'Rysen John',47,1100,700,4,21,'2021-08-16 16:46:38.441 +00:00','2021-08-16 16:46:38.441 +00:00'),(18993,'Samaje Perine',34,1100,700,2,7,'2021-08-16 16:46:38.441 +00:00','2021-08-16 16:46:38.441 +00:00'),(19812,'Sam Darnold',14,1100,700,1,22,'2021-08-16 16:46:38.441 +00:00','2021-08-16 16:46:38.441 +00:00'),(18735,'Sam Ficken',9,1100,700,5,22,'2021-08-16 16:46:38.441 +00:00','2021-08-16 16:46:38.441 +00:00'),(16003,'Sammy Watkins',14,1100,700,3,16,'2021-08-16 16:46:38.441 +00:00','2021-08-16 16:46:38.441 +00:00'),(19766,'Saquon Barkley',26,1100,700,2,21,'2021-08-16 16:46:38.441 +00:00','2021-08-16 16:46:38.441 +00:00'),(400874,'Scottie Phillips',40,1100,700,2,13,'2021-08-16 16:46:38.441 +00:00','2021-08-16 16:46:38.441 +00:00'),(21138,'Scott Miller',10,1100,700,3,30,'2021-08-16 16:46:38.441 +00:00','2021-08-16 16:46:38.441 +00:00'),(400954,'Scotty Washington',14,1100,700,3,7,'2021-08-16 16:46:38.441 +00:00','2021-08-16 16:46:38.441 +00:00'),(19559,'Sean Culkin',82,1100,700,4,16,'2021-08-16 16:46:38.441 +00:00','2021-08-16 16:46:38.441 +00:00'),(16850,'Sean Mannion',4,1100,700,1,18,'2021-08-16 16:46:38.441 +00:00','2021-08-16 16:46:38.441 +00:00'),(400887,'Sean McKeon',84,1100,700,4,9,'2021-08-16 16:46:38.441 +00:00','2021-08-16 16:46:38.441 +00:00'),(16441,'Senorise Perry',20,1100,700,2,31,'2021-08-16 16:46:38.441 +00:00','2021-08-16 16:46:38.441 +00:00'),(18057,'Seth DeValve',86,1100,700,4,1,'2021-08-16 16:46:38.441 +00:00','2021-08-16 16:46:38.441 +00:00'),(400888,'Sewo Olonilua',45,1100,700,2,9,'2021-08-16 16:46:38.441 +00:00','2021-08-16 16:46:38.441 +00:00'),(19828,'Sony Michel',26,1100,700,2,19,'2021-08-16 16:46:38.441 +00:00','2021-08-16 16:46:38.441 +00:00'),(20886,'Stanley Morgan Jr.',17,1100,700,3,7,'2021-08-16 16:46:38.441 +00:00','2021-08-16 16:46:38.441 +00:00'),(16906,'Stefon Diggs',14,1100,700,3,4,'2021-08-16 16:46:38.441 +00:00','2021-08-16 16:46:38.441 +00:00'),(18262,'Stephen Anderson',82,1100,700,4,26,'2021-08-16 16:46:38.441 +00:00','2021-08-16 16:46:38.441 +00:00'),(21278,'Stephen Carlson',89,1100,700,4,8,'2021-08-16 16:46:38.441 +00:00','2021-08-16 16:46:38.441 +00:00'),(2982,'Stephen Gostkowski',3,1100,700,5,31,'2021-08-16 16:46:38.441 +00:00','2021-08-16 16:46:38.441 +00:00'),(400882,'Stephen Guidry',17,1100,700,3,9,'2021-08-16 16:46:38.441 +00:00','2021-08-16 16:46:38.441 +00:00'),(17961,'Sterling Shepard',87,1100,700,3,21,'2021-08-16 16:46:38.441 +00:00','2021-08-16 16:46:38.441 +00:00'),(20067,'Steven Mitchell Jr.',11,1100,700,3,13,'2021-08-16 16:46:38.441 +00:00','2021-08-16 16:46:38.441 +00:00'),(21400,'Steven Sims Jr.',15,1100,700,3,32,'2021-08-16 16:46:38.441 +00:00','2021-08-16 16:46:38.441 +00:00'),(13063,'Taiwan Jones',25,1100,700,2,4,'2021-08-16 16:46:38.441 +00:00','2021-08-16 16:46:38.441 +00:00'),(19431,'Tanner Gentry',87,1100,700,3,4,'2021-08-16 16:46:38.441 +00:00','2021-08-16 16:46:38.441 +00:00'),(20506,'Tanner Hudson',88,1100,700,4,30,'2021-08-16 16:46:38.441 +00:00','2021-08-16 16:46:38.441 +00:00'),(19205,'Taquan Mizzell',25,1100,700,2,21,'2021-08-16 16:46:38.441 +00:00','2021-08-16 16:46:38.441 +00:00'),(19003,'Tarik Cohen',29,1100,700,2,6,'2021-08-16 16:46:38.441 +00:00','2021-08-16 16:46:38.441 +00:00'),(15215,'Tavon Austin',16,1100,700,3,12,'2021-08-16 16:46:38.441 +00:00','2021-08-16 16:46:38.441 +00:00'),(17179,'Taylor Heinicke',4,1100,700,1,32,'2021-08-16 16:46:38.441 +00:00','2021-08-16 16:46:38.441 +00:00'),(19238,'Taysom Hill',7,1100,700,1,20,'2021-08-16 16:46:38.441 +00:00','2021-08-16 16:46:38.441 +00:00'),(18971,'Taywan Taylor',10,1100,700,3,8,'2021-08-16 16:46:38.441 +00:00','2021-08-16 16:46:38.441 +00:00'),(16497,'Teddy Bridgewater',5,1100,700,1,5,'2021-08-16 16:46:38.441 +00:00','2021-08-16 16:46:38.441 +00:00'),(40098,'Tee Higgins',85,1100,700,3,7,'2021-08-16 16:46:38.441 +00:00','2021-08-16 16:46:38.441 +00:00'),(18094,'Temarrick Hemingway',88,1100,700,4,32,'2021-08-16 16:46:38.441 +00:00','2021-08-16 16:46:38.441 +00:00'),(20775,'Terry Godwin',14,1100,700,3,15,'2021-08-16 16:46:38.441 +00:00','2021-08-16 16:46:38.441 +00:00'),(20873,'Terry McLaurin',17,1100,700,3,32,'2021-08-16 16:46:38.441 +00:00','2021-08-16 16:46:38.441 +00:00'),(16834,'Tevin Coleman',26,1100,700,2,27,'2021-08-16 16:46:38.441 +00:00','2021-08-16 16:46:38.441 +00:00'),(15126,'Theo Riddick',35,1100,700,2,23,'2021-08-16 16:46:38.441 +00:00','2021-08-16 16:46:38.441 +00:00'),(21464,'Thomas Ives',14,1100,700,3,6,'2021-08-16 16:46:38.441 +00:00','2021-08-16 16:46:38.441 +00:00'),(20283,'Tim Boyle',8,1100,700,1,12,'2021-08-16 16:46:38.441 +00:00','2021-08-16 16:46:38.441 +00:00'),(19207,'Tim Patrick',81,1100,700,3,10,'2021-08-16 16:46:38.441 +00:00','2021-08-16 16:46:38.441 +00:00'),(20805,'T.J. Hockenson',88,1100,700,4,11,'2021-08-16 16:46:38.441 +00:00','2021-08-16 16:46:38.441 +00:00'),(19032,'TJ Logan',22,1100,700,2,30,'2021-08-16 16:46:38.441 +00:00','2021-08-16 16:46:38.441 +00:00'),(16797,'TJ Yeldon',22,1100,700,2,4,'2021-08-16 16:46:38.441 +00:00','2021-08-16 16:46:38.441 +00:00'),(16771,'Todd Gurley',21,1100,700,2,2,'2021-08-16 16:46:38.441 +00:00','2021-08-16 16:46:38.441 +00:00'),(4314,'Tom Brady',12,1100,700,1,30,'2021-08-16 16:46:38.441 +00:00','2021-08-16 16:46:38.441 +00:00'),(21556,'Tom Kennedy',85,1100,700,3,11,'2021-08-16 16:46:38.441 +00:00','2021-08-16 16:46:38.441 +00:00'),(400802,'Tommy Hudson',89,1100,700,4,31,'2021-08-16 16:46:38.441 +00:00','2021-08-16 16:46:38.441 +00:00'),(20957,'Tommy Sweeney',89,1100,700,4,4,'2021-08-16 16:46:38.441 +00:00','2021-08-16 16:46:38.441 +00:00'),(21549,'Tony Brooks-James',36,1100,700,2,2,'2021-08-16 16:46:38.441 +00:00','2021-08-16 16:46:38.441 +00:00'),(20912,'Tony Pollard',20,1100,700,2,9,'2021-08-16 16:46:38.441 +00:00','2021-08-16 16:46:38.441 +00:00'),(20874,'Trace McSorley',7,1100,700,1,3,'2021-08-16 16:46:38.441 +00:00','2021-08-16 16:46:38.441 +00:00'),(13887,'Travis Benjamin',17,1100,700,3,27,'2021-08-16 16:46:38.441 +00:00','2021-08-16 16:46:38.441 +00:00'),(20762,'Travis Fulgham',13,1100,700,3,24,'2021-08-16 16:46:38.441 +00:00','2021-08-16 16:46:38.441 +00:00'),(20810,'Travis Homer',25,1100,700,2,28,'2021-08-16 16:46:38.441 +00:00','2021-08-16 16:46:38.441 +00:00'),(400815,'Travis Jonsen',16,1100,700,3,30,'2021-08-16 16:46:38.441 +00:00','2021-08-16 16:46:38.441 +00:00'),(15048,'Travis Kelce',87,1100,700,4,16,'2021-08-16 16:46:38.441 +00:00','2021-08-16 16:46:38.441 +00:00'),(20990,'Trayveon Williams',32,1100,700,2,7,'2021-08-16 16:46:38.441 +00:00','2021-08-16 16:46:38.441 +00:00'),(20040,'Trenton Cannon',36,1100,700,2,5,'2021-08-16 16:46:38.441 +00:00','2021-08-16 16:46:38.441 +00:00'),(21263,'Trenton Irwin',16,1100,700,3,7,'2021-08-16 16:46:38.441 +00:00','2021-08-16 16:46:38.441 +00:00'),(20081,'Trent Sherfield',16,1100,700,3,1,'2021-08-16 16:46:38.441 +00:00','2021-08-16 16:46:38.441 +00:00'),(19064,'Trent Taylor',15,1100,700,3,27,'2021-08-16 16:46:38.441 +00:00','2021-08-16 16:46:38.441 +00:00'),(19897,'Tre''Quan Smith',10,1100,700,3,20,'2021-08-16 16:46:38.441 +00:00','2021-08-16 16:46:38.441 +00:00'),(20977,'Trevon Wesco',85,1100,700,4,22,'2021-08-16 16:46:38.441 +00:00','2021-08-16 16:46:38.441 +00:00'),(18080,'Trevor Davis',14,1100,700,3,32,'2021-08-16 16:46:38.441 +00:00','2021-08-16 16:46:38.441 +00:00'),(17009,'Trevor Siemian',15,1100,700,1,20,'2021-08-16 16:46:38.441 +00:00','2021-08-16 16:46:38.441 +00:00'),(15965,'Trey Burton',80,1100,700,4,14,'2021-08-16 16:46:38.441 +00:00','2021-08-16 16:46:38.441 +00:00'),(19599,'Trey Edmunds',33,1100,700,4,25,'2021-08-16 16:46:38.441 +00:00','2021-08-16 16:46:38.441 +00:00'),(20079,'Trey Quinn',18,1100,700,3,23,'2021-08-16 16:46:38.441 +00:00','2021-08-16 16:46:38.441 +00:00'),(21368,'Trinity Benson',12,1100,700,3,10,'2021-08-16 16:46:38.441 +00:00','2021-08-16 16:46:38.441 +00:00'),(400963,'Trishton Jackson',83,1100,700,3,29,'2021-08-16 16:46:38.441 +00:00','2021-08-16 16:46:38.441 +00:00'),(20717,'Tristan Vizcaino',0,1100,700,5,26,'2021-08-16 16:46:38.441 +00:00','2021-08-16 16:46:38.441 +00:00'),(19973,'Troy Fumagalli',84,1100,700,4,10,'2021-08-16 16:46:38.441 +00:00','2021-08-16 16:46:38.441 +00:00'),(21677,'Tua Tagovailoa',1,1100,700,1,17,'2021-08-16 16:46:38.441 +00:00','2021-08-16 16:46:38.441 +00:00'),(400806,'Tucker McCann',8,1100,700,5,31,'2021-08-16 16:46:38.441 +00:00','2021-08-16 16:46:38.441 +00:00'),(14005,'T.Y. Hilton',13,1100,700,3,14,'2021-08-16 16:46:38.441 +00:00','2021-08-16 16:46:38.441 +00:00'),(20837,'Ty Johnson',25,1100,700,2,22,'2021-08-16 16:46:38.441 +00:00','2021-08-16 16:46:38.441 +00:00'),(17986,'Tyler Boyd',83,1100,700,3,7,'2021-08-16 16:46:38.441 +00:00','2021-08-16 16:46:38.441 +00:00'),(19988,'Tyler Conklin',83,1100,700,4,18,'2021-08-16 16:46:38.441 +00:00','2021-08-16 16:46:38.441 +00:00'),(14918,'Tyler Eifert',88,1100,700,4,15,'2021-08-16 16:46:38.441 +00:00','2021-08-16 16:46:38.441 +00:00'),(18041,'Tyler Ervin',32,1100,700,2,12,'2021-08-16 16:46:38.441 +00:00','2021-08-16 16:46:38.441 +00:00'),(18032,'Tyler Higbee',89,1100,700,4,29,'2021-08-16 16:46:38.441 +00:00','2021-08-16 16:46:38.441 +00:00'),(16846,'Tyler Kroft',81,1100,700,4,4,'2021-08-16 16:46:38.441 +00:00','2021-08-16 16:46:38.441 +00:00'),(16830,'Tyler Lockett',16,1100,700,3,28,'2021-08-16 16:46:38.441 +00:00','2021-08-16 16:46:38.441 +00:00'),(400841,'Tyler Mabry',85,1100,700,4,28,'2021-08-16 16:46:38.441 +00:00','2021-08-16 16:46:38.441 +00:00'),(16855,'Ty Montgomery',88,1100,700,2,20,'2021-08-16 16:46:38.441 +00:00','2021-08-16 16:46:38.441 +00:00'),(20823,'Tyree Jackson',6,1100,700,1,24,'2021-08-16 16:46:38.441 +00:00','2021-08-16 16:46:38.441 +00:00'),(18082,'Tyreek Hill',10,1100,700,3,16,'2021-08-16 16:46:38.441 +00:00','2021-08-16 16:46:38.441 +00:00'),(17048,'Tyrell Williams',16,1100,700,3,11,'2021-08-16 16:46:38.441 +00:00','2021-08-16 16:46:38.441 +00:00'),(12831,'Tyrod Taylor',5,1100,700,1,13,'2021-08-16 16:46:38.441 +00:00','2021-08-16 16:46:38.441 +00:00'),(19579,'Tyrone Swoopes',86,1100,700,4,32,'2021-08-16 16:46:38.441 +00:00','2021-08-16 16:46:38.441 +00:00'),(20838,'Tyron Johnson',83,1100,700,3,26,'2021-08-16 16:46:38.441 +00:00','2021-08-16 16:46:38.441 +00:00'),(400968,'Ty''Son Williams',34,1100,700,2,3,'2021-08-16 16:46:38.441 +00:00','2021-08-16 16:46:38.441 +00:00'),(21548,'Ventell Bryant',83,1100,700,3,5,'2021-08-16 16:46:38.441 +00:00','2021-08-16 16:46:38.441 +00:00'),(19317,'Victor Bolden Jr.',13,1100,700,3,11,'2021-08-16 16:46:38.441 +00:00','2021-08-16 16:46:38.441 +00:00'),(13016,'Virgil Green',88,1100,700,4,26,'2021-08-16 16:46:38.441 +00:00','2021-08-16 16:46:38.441 +00:00'),(20295,'Vyncint Smith',17,1100,700,3,22,'2021-08-16 16:46:38.441 +00:00','2021-08-16 16:46:38.441 +00:00'),(18996,'Wayne Gallman',22,1100,700,2,21,'2021-08-16 16:46:38.441 +00:00','2021-08-16 16:46:38.441 +00:00'),(19950,'Will Dissly',89,1100,700,4,28,'2021-08-16 16:46:38.441 +00:00','2021-08-16 16:46:38.441 +00:00'),(17916,'Will Fuller',15,1100,700,3,13,'2021-08-16 16:46:38.441 +00:00','2021-08-16 16:46:38.441 +00:00'),(20779,'Will Grier',7,1100,700,1,5,'2021-08-16 16:46:38.441 +00:00','2021-08-16 16:46:38.441 +00:00'),(16141,'Willie Snead',83,1100,700,3,3,'2021-08-16 16:46:38.441 +00:00','2021-08-16 16:46:38.441 +00:00'),(18478,'Wil Lutz',3,1100,700,5,20,'2021-08-16 16:46:38.441 +00:00','2021-08-16 16:46:38.441 +00:00'),(400964,'Xavier Jones',35,1100,700,2,29,'2021-08-16 16:46:38.441 +00:00','2021-08-16 16:46:38.441 +00:00'),(19565,'Younghoe Koo',7,1100,700,5,2,'2021-08-16 16:46:38.441 +00:00','2021-08-16 16:46:38.441 +00:00'),(14856,'Zach Ertz',86,1100,700,4,24,'2021-08-16 16:46:38.441 +00:00','2021-08-16 16:46:38.441 +00:00'),(20770,'Zach Gentry',81,1100,700,4,25,'2021-08-16 16:46:38.441 +00:00','2021-08-16 16:46:38.441 +00:00'),(19172,'Zach Pascal',14,1100,700,3,14,'2021-08-16 16:46:38.441 +00:00','2021-08-16 16:46:38.441 +00:00'),(40149,'Zack Moss',20,1100,700,2,4,'2021-08-16 16:46:38.441 +00:00','2021-08-16 16:46:38.441 +00:00'),(18926,'Zay Jones',12,1100,700,3,23,'2021-08-16 16:46:38.441 +00:00','2021-08-16 16:46:38.441 +00:00') RETURNING "id","name","jersey","preprice","postprice","NFLPositionId","NFLTeamId","createdAt","updatedAt";
INSERT INTO "NFLPlayers" ("id","name","preprice","postprice","NFLPositionId","NFLTeamId","createdAt","updatedAt") VALUES (1,'Arizona Cardinals',1100,700,6,1,'2021-08-16 16:46:38.625 +00:00','2021-08-16 16:46:38.625 +00:00'),(2,'Atlanta Falcons',1100,700,6,2,'2021-08-16 16:46:38.625 +00:00','2021-08-16 16:46:38.625 +00:00'),(3,'Baltimore Ravens',1100,700,6,3,'2021-08-16 16:46:38.625 +00:00','2021-08-16 16:46:38.625 +00:00'),(4,'Buffalo Bills',1100,700,6,4,'2021-08-16 16:46:38.625 +00:00','2021-08-16 16:46:38.625 +00:00'),(5,'Carolina Panthers',1100,700,6,5,'2021-08-16 16:46:38.625 +00:00','2021-08-16 16:46:38.625 +00:00'),(6,'Chicago Bears',1100,700,6,6,'2021-08-16 16:46:38.625 +00:00','2021-08-16 16:46:38.625 +00:00'),(7,'Cincinnati Bengals',1100,700,6,7,'2021-08-16 16:46:38.625 +00:00','2021-08-16 16:46:38.625 +00:00'),(8,'Cleveland Browns',1100,700,6,8,'2021-08-16 16:46:38.625 +00:00','2021-08-16 16:46:38.625 +00:00'),(9,'Dallas Cowboys',1100,700,6,9,'2021-08-16 16:46:38.625 +00:00','2021-08-16 16:46:38.625 +00:00'),(10,'Denver Broncos',1100,700,6,10,'2021-08-16 16:46:38.625 +00:00','2021-08-16 16:46:38.625 +00:00'),(11,'Detroit Lions',1100,700,6,11,'2021-08-16 16:46:38.625 +00:00','2021-08-16 16:46:38.625 +00:00'),(12,'Green Bay Packers',1100,700,6,12,'2021-08-16 16:46:38.625 +00:00','2021-08-16 16:46:38.625 +00:00'),(13,'Houston Texans',1100,700,6,13,'2021-08-16 16:46:38.625 +00:00','2021-08-16 16:46:38.625 +00:00'),(14,'Indianapolis Colts',1100,700,6,14,'2021-08-16 16:46:38.625 +00:00','2021-08-16 16:46:38.625 +00:00'),(15,'Jacksonville Jaguars',1100,700,6,15,'2021-08-16 16:46:38.625 +00:00','2021-08-16 16:46:38.625 +00:00'),(16,'Kansas City Chiefs',1100,700,6,16,'2021-08-16 16:46:38.625 +00:00','2021-08-16 16:46:38.625 +00:00'),(17,'Miami Dolphins',1100,700,6,17,'2021-08-16 16:46:38.625 +00:00','2021-08-16 16:46:38.625 +00:00'),(18,'Minnesota Vikings',1100,700,6,18,'2021-08-16 16:46:38.625 +00:00','2021-08-16 16:46:38.625 +00:00'),(19,'New England Patriots',1100,700,6,19,'2021-08-16 16:46:38.625 +00:00','2021-08-16 16:46:38.625 +00:00'),(20,'New Orleans Saints',1100,700,6,20,'2021-08-16 16:46:38.625 +00:00','2021-08-16 16:46:38.625 +00:00'),(21,'New York Giants',1100,700,6,21,'2021-08-16 16:46:38.625 +00:00','2021-08-16 16:46:38.625 +00:00'),(22,'New York Jets',1100,700,6,22,'2021-08-16 16:46:38.625 +00:00','2021-08-16 16:46:38.625 +00:00'),(23,'Las Vegas Raiders',1100,700,6,23,'2021-08-16 16:46:38.625 +00:00','2021-08-16 16:46:38.625 +00:00'),(24,'Philadelphia Eagles',1100,700,6,24,'2021-08-16 16:46:38.625 +00:00','2021-08-16 16:46:38.625 +00:00'),(25,'Pittsburgh Steelers',1100,700,6,25,'2021-08-16 16:46:38.625 +00:00','2021-08-16 16:46:38.625 +00:00'),(26,'Los Angeles Chargers',1100,700,6,26,'2021-08-16 16:46:38.625 +00:00','2021-08-16 16:46:38.625 +00:00'),(27,'San Francisco 49ers',1100,700,6,27,'2021-08-16 16:46:38.625 +00:00','2021-08-16 16:46:38.625 +00:00'),(28,'Seattle Seahawks',1100,700,6,28,'2021-08-16 16:46:38.625 +00:00','2021-08-16 16:46:38.625 +00:00'),(29,'Los Angeles Rams',1100,700,6,29,'2021-08-16 16:46:38.625 +00:00','2021-08-16 16:46:38.625 +00:00'),(30,'Tampa Bay Buccaneers',1100,700,6,30,'2021-08-16 16:46:38.625 +00:00','2021-08-16 16:46:38.625 +00:00'),(31,'Tennessee Titans',1100,700,6,31,'2021-08-16 16:46:38.625 +00:00','2021-08-16 16:46:38.625 +00:00'),(32,'Washington Football Team',1100,700,6,32,'2021-08-16 16:46:38.625 +00:00','2021-08-16 16:46:38.625 +00:00') RETURNING "id","name","jersey","preprice","postprice","NFLPositionId","NFLTeamId","createdAt","updatedAt";
INSERT INTO "Users" ("id","email","pwHash","name","createdAt","updatedAt") VALUES (DEFAULT,'email1@gmail.com','$2b$10$v3qgumBibz8Uouevm5xeTOFWheNtLVRyLeGqp2tZbfdMJ.iHQtgVq','bot','2021-08-16 16:46:38.640 +00:00','2021-08-16 16:46:38.640 +00:00'),(DEFAULT,'email2@gmail.com','$2b$10$v3qgumBibz8Uouevm5xeTOFWheNtLVRyLeGqp2tZbfdMJ.iHQtgVq','bot','2021-08-16 16:46:38.640 +00:00','2021-08-16 16:46:38.640 +00:00'),(DEFAULT,'email3@gmail.com','$2b$10$v3qgumBibz8Uouevm5xeTOFWheNtLVRyLeGqp2tZbfdMJ.iHQtgVq','bot','2021-08-16 16:46:38.640 +00:00','2021-08-16 16:46:38.640 +00:00'),(DEFAULT,'email4@gmail.com','$2b$10$v3qgumBibz8Uouevm5xeTOFWheNtLVRyLeGqp2tZbfdMJ.iHQtgVq','bot','2021-08-16 16:46:38.640 +00:00','2021-08-16 16:46:38.640 +00:00'),(DEFAULT,'email5@gmail.com','$2b$10$v3qgumBibz8Uouevm5xeTOFWheNtLVRyLeGqp2tZbfdMJ.iHQtgVq','bot','2021-08-16 16:46:38.640 +00:00','2021-08-16 16:46:38.640 +00:00') RETURNING "id","email","pwHash","name","createdAt","updatedAt";
INSERT INTO "Leagues" ("id","name","adminId","ispublic","createdAt","updatedAt") VALUES (DEFAULT,'Ball Street',1,true,'2021-08-16 16:46:38.648 +00:00','2021-08-16 16:46:38.648 +00:00'),(DEFAULT,'Ball Street Private',2,false,'2021-08-16 16:46:38.648 +00:00','2021-08-16 16:46:38.648 +00:00'),(DEFAULT,'Ball Street Public2',1,true,'2021-08-16 16:46:38.648 +00:00','2021-08-16 16:46:38.648 +00:00') RETURNING "id","name","adminId","ispublic","createdAt","updatedAt";
INSERT INTO "Memberships" ("UserId","LeagueId","createdAt","updatedAt") VALUES (1,1,'2021-08-16 16:46:38.654 +00:00','2021-08-16 16:46:38.654 +00:00'),(2,1,'2021-08-16 16:46:38.654 +00:00','2021-08-16 16:46:38.654 +00:00'),(3,1,'2021-08-16 16:46:38.654 +00:00','2021-08-16 16:46:38.654 +00:00') RETURNING "UserId","LeagueId","createdAt","updatedAt";
INSERT INTO "Memberships" ("UserId","LeagueId","createdAt","updatedAt") VALUES (1,2,'2021-08-16 16:46:38.660 +00:00','2021-08-16 16:46:38.660 +00:00'),(2,2,'2021-08-16 16:46:38.660 +00:00','2021-08-16 16:46:38.660 +00:00'),(3,2,'2021-08-16 16:46:38.660 +00:00','2021-08-16 16:46:38.660 +00:00'),(1,3,'2021-08-16 16:46:38.660 +00:00','2021-08-16 16:46:38.660 +00:00') RETURNING "UserId","LeagueId","createdAt","updatedAt";
INSERT INTO "Contests" ("id","name","nflweek","LeagueId","budget","createdAt","updatedAt") VALUES (DEFAULT,'Ball Street Big One',1,1,10000,'2021-08-16 16:46:38.667 +00:00','2021-08-16 16:46:38.667 +00:00'),(DEFAULT,'Private Contest',1,2,10000,'2021-08-16 16:46:38.667 +00:00','2021-08-16 16:46:38.667 +00:00'),(DEFAULT,'Public Contest 2',1,3,10000,'2021-08-16 16:46:38.667 +00:00','2021-08-16 16:46:38.667 +00:00') RETURNING "id","name","nflweek","LeagueId","budget","createdAt","updatedAt";
INSERT INTO "Entries" ("pointtotal","UserId","ContestId","RB1","createdAt","updatedAt") VALUES (10000,1,1,20933,'2021-08-16 16:46:38.674 +00:00','2021-08-16 16:46:38.674 +00:00'),(10000,2,1,20933,'2021-08-16 16:46:38.674 +00:00','2021-08-16 16:46:38.674 +00:00'),(10000,3,1,20933,'2021-08-16 16:46:38.674 +00:00','2021-08-16 16:46:38.674 +00:00') RETURNING "pointtotal","UserId","ContestId","QB1","RB1","RB2","WR1","WR2","TE1","FLEX1","FLEX2","K1","DEF1","createdAt","updatedAt";
INSERT INTO "Entries" ("pointtotal","UserId","ContestId","RB1","K1","DEF1","createdAt","updatedAt","WR1","WR2") VALUES (10000,1,2,20933,19041,24,'2021-08-16 16:46:38.682 +00:00','2021-08-16 16:46:38.682 +00:00',NULL,NULL),(1500,2,2,20933,19041,NULL,'2021-08-16 16:46:38.682 +00:00','2021-08-16 16:46:38.682 +00:00',18686,18047),(500,3,2,20933,19041,NULL,'2021-08-16 16:46:38.682 +00:00','2021-08-16 16:46:38.682 +00:00',NULL,NULL) RETURNING "pointtotal","UserId","ContestId","QB1","RB1","RB2","WR1","WR2","TE1","FLEX1","FLEX2","K1","DEF1","createdAt","updatedAt";
INSERT INTO "Offers" ("id","isbid","price","protected","filled","cancelled","UserId","ContestId","NFLPlayerId","createdAt","updatedAt") VALUES ('16c94b61-3c76-4078-8fbc-67fac7ed26c2',false,8000,false,false,false,1,1,20933,'2021-08-16 16:46:38.690 +00:00','2021-08-16 16:46:38.690 +00:00'),('16c94b61-3c76-4078-8fbc-67fac7ed26c3',false,8000,false,false,true,2,1,20933,'2021-08-16 16:46:38.690 +00:00','2021-08-16 16:46:38.690 +00:00'),('16c94b61-3c76-4078-8fbc-67fac7ed26c4',false,8000,false,true,false,3,1,20933,'2021-08-16 16:46:38.690 +00:00','2021-08-16 16:46:38.690 +00:00'),('16c94b61-3c76-4078-8fbc-67fac7ed26c6',true,8000,false,true,false,1,1,20933,'2021-08-16 16:46:38.690 +00:00','2021-08-16 16:46:38.690 +00:00'),('16c94b61-3c76-4078-8fbc-67fac7ed26c5',false,8000,false,false,false,2,2,20933,'2021-08-16 16:46:38.690 +00:00','2021-08-16 16:46:38.690 +00:00') RETURNING "id","isbid","price","protected","filled","cancelled","UserId","ContestId","NFLPlayerId","createdAt","updatedAt";
INSERT INTO "Trades" ("price","bidId","askId","createdAt","updatedAt") VALUES (8000,'16c94b61-3c76-4078-8fbc-67fac7ed26c6','16c94b61-3c76-4078-8fbc-67fac7ed26c4','2021-08-16 16:46:38.706 +00:00','2021-08-16 16:46:38.706 +00:00') RETURNING "price","bidId","askId","createdAt","updatedAt","OfferId";