DROP TABLE IF EXISTS "Trades" CASCADE;
DROP TABLE IF EXISTS "PriceHistories" CASCADE;
DROP TABLE IF EXISTS "ProtectedMatches" CASCADE;
DROP TABLE IF EXISTS "Offers" CASCADE;
DROP TABLE IF EXISTS "Entries" CASCADE;
DROP TABLE IF EXISTS "NFLPlayers" CASCADE;
DROP TABLE IF EXISTS "NFLGames" CASCADE;
DROP TABLE IF EXISTS "NFLTeams" CASCADE;
DROP TABLE IF EXISTS "NFLPositions" CASCADE;
DROP TABLE IF EXISTS "Contests" CASCADE;
DROP TABLE IF EXISTS "Users" CASCADE;
CREATE TABLE IF NOT EXISTS "Users" ("id"  SERIAL , "email" VARCHAR(255) NOT NULL UNIQUE, "verified" BOOLEAN DEFAULT false, "pwHash" VARCHAR(255) NOT NULL, "name" VARCHAR(255) NOT NULL, "createdAt" TIMESTAMP WITH TIME ZONE NOT NULL, "updatedAt" TIMESTAMP WITH TIME ZONE NOT NULL, PRIMARY KEY ("id"));
SELECT i.relname AS name, ix.indisprimary AS primary, ix.indisunique AS unique, ix.indkey AS indkey, array_agg(a.attnum) as column_indexes, array_agg(a.attname) AS column_names, pg_get_indexdef(ix.indexrelid) AS definition FROM pg_class t, pg_class i, pg_index ix, pg_attribute a WHERE t.oid = ix.indrelid AND i.oid = ix.indexrelid AND a.attrelid = t.oid AND t.relkind = 'r' and t.relname = 'Users' GROUP BY i.relname, ix.indexrelid, ix.indisprimary, ix.indisunique, ix.indkey ORDER BY i.relname;
CREATE INDEX "IX_Users" ON "Users" ("email");
CREATE TABLE IF NOT EXISTS "Contests" ("id"   SERIAL , "name" VARCHAR(255) NOT NULL, "nflweek" INTEGER NOT NULL, "budget" INTEGER NOT NULL, "createdAt" TIMESTAMP WITH TIME ZONE NOT NULL, "updatedAt" TIMESTAMP WITH TIME ZONE NOT NULL, PRIMARY KEY ("id"));
SELECT i.relname AS name, ix.indisprimary AS primary, ix.indisunique AS unique, ix.indkey AS indkey, array_agg(a.attnum) as column_indexes, array_agg(a.attname) AS column_names, pg_get_indexdef(ix.indexrelid) AS definition FROM pg_class t, pg_class i, pg_index ix, pg_attribute a WHERE t.oid = ix.indrelid AND i.oid = ix.indexrelid AND a.attrelid = t.oid AND t.relkind = 'r' and t.relname = 'Contests' GROUP BY i.relname, ix.indexrelid, ix.indisprimary, ix.indisunique, ix.indkey ORDER BY i.relname;
CREATE TABLE IF NOT EXISTS "NFLPositions" ("id" INTEGER , "name" VARCHAR(255) NOT NULL, "canflex" BOOLEAN NOT NULL DEFAULT false, "createdAt" TIMESTAMP WITH TIME ZONE NOT NULL, "updatedAt" TIMESTAMP WITH TIME ZONE NOT NULL, PRIMARY KEY ("id"));
SELECT i.relname AS name, ix.indisprimary AS primary, ix.indisunique AS unique, ix.indkey AS indkey, array_agg(a.attnum) as column_indexes, array_agg(a.attname) AS column_names, pg_get_indexdef(ix.indexrelid) AS definition FROM pg_class t, pg_class i, pg_index ix, pg_attribute a WHERE t.oid = ix.indrelid AND i.oid = ix.indexrelid AND a.attrelid = t.oid AND t.relkind = 'r' and t.relname = 'NFLPositions' GROUP BY i.relname, ix.indexrelid, ix.indisprimary, ix.indisunique, ix.indkey ORDER BY i.relname;
CREATE TABLE IF NOT EXISTS "NFLTeams" ("id" INTEGER , "location" VARCHAR(255), "name" VARCHAR(255), "abr" VARCHAR(255) NOT NULL UNIQUE, "createdAt" TIMESTAMP WITH TIME ZONE NOT NULL, "updatedAt" TIMESTAMP WITH TIME ZONE NOT NULL, PRIMARY KEY ("id"));
SELECT i.relname AS name, ix.indisprimary AS primary, ix.indisunique AS unique, ix.indkey AS indkey, array_agg(a.attnum) as column_indexes, array_agg(a.attname) AS column_names, pg_get_indexdef(ix.indexrelid) AS definition FROM pg_class t, pg_class i, pg_index ix, pg_attribute a WHERE t.oid = ix.indrelid AND i.oid = ix.indexrelid AND a.attrelid = t.oid AND t.relkind = 'r' and t.relname = 'NFLTeams' GROUP BY i.relname, ix.indexrelid, ix.indisprimary, ix.indisunique, ix.indkey ORDER BY i.relname;
CREATE TABLE IF NOT EXISTS "NFLGames" ("week" INTEGER NOT NULL , "HomeId" INTEGER NOT NULL  REFERENCES "NFLTeams" ("id") ON DELETE NO ACTION ON UPDATE CASCADE, "AwayId" INTEGER NOT NULL  REFERENCES "NFLTeams" ("id") ON DELETE NO ACTION ON UPDATE CASCADE, "phase" VARCHAR(255) DEFAULT 'post', "startTime" INTEGER NOT NULL, "createdAt" TIMESTAMP WITH TIME ZONE NOT NULL, "updatedAt" TIMESTAMP WITH TIME ZONE NOT NULL, PRIMARY KEY ("week","HomeId","AwayId"));
SELECT i.relname AS name, ix.indisprimary AS primary, ix.indisunique AS unique, ix.indkey AS indkey, array_agg(a.attnum) as column_indexes, array_agg(a.attname) AS column_names, pg_get_indexdef(ix.indexrelid) AS definition FROM pg_class t, pg_class i, pg_index ix, pg_attribute a WHERE t.oid = ix.indrelid AND i.oid = ix.indexrelid AND a.attrelid = t.oid AND t.relkind = 'r' and t.relname = 'NFLGames' GROUP BY i.relname, ix.indexrelid, ix.indisprimary, ix.indisunique, ix.indkey ORDER BY i.relname;
CREATE TABLE IF NOT EXISTS "NFLPlayers" ("id" INTEGER , "name" VARCHAR(255) NOT NULL, "jersey" INTEGER DEFAULT 0, "preprice" INTEGER, "postprice" INTEGER, "NFLPositionId" INTEGER NOT NULL REFERENCES "NFLPositions" ("id") ON DELETE NO ACTION ON UPDATE CASCADE, "NFLTeamId" INTEGER NOT NULL REFERENCES "NFLTeams" ("id") ON DELETE NO ACTION ON UPDATE CASCADE, "active" BOOLEAN DEFAULT true, "injuryStatus" VARCHAR(255) DEFAULT NULL, "createdAt" TIMESTAMP WITH TIME ZONE NOT NULL, "updatedAt" TIMESTAMP WITH TIME ZONE NOT NULL, PRIMARY KEY ("id"));
SELECT i.relname AS name, ix.indisprimary AS primary, ix.indisunique AS unique, ix.indkey AS indkey, array_agg(a.attnum) as column_indexes, array_agg(a.attname) AS column_names, pg_get_indexdef(ix.indexrelid) AS definition FROM pg_class t, pg_class i, pg_index ix, pg_attribute a WHERE t.oid = ix.indrelid AND i.oid = ix.indexrelid AND a.attrelid = t.oid AND t.relkind = 'r' and t.relname = 'NFLPlayers' GROUP BY i.relname, ix.indexrelid, ix.indisprimary, ix.indisunique, ix.indkey ORDER BY i.relname;
CREATE INDEX "IX_NFLPlayer_Active" ON "NFLPlayers" ("active", "NFLTeamId") WHERE "active" = true;
CREATE TABLE IF NOT EXISTS "Entries" ("pointtotal" INTEGER NOT NULL, "UserId" INTEGER  REFERENCES "Users" ("id") ON DELETE NO ACTION ON UPDATE CASCADE, "ContestId" INTEGER  REFERENCES "Contests" ("id") ON DELETE NO ACTION ON UPDATE CASCADE, "QB1" INTEGER REFERENCES "NFLPlayers" ("id"), "RB1" INTEGER REFERENCES "NFLPlayers" ("id"), "RB2" INTEGER REFERENCES "NFLPlayers" ("id"), "WR1" INTEGER REFERENCES "NFLPlayers" ("id"), "WR2" INTEGER REFERENCES "NFLPlayers" ("id"), "TE1" INTEGER REFERENCES "NFLPlayers" ("id"), "FLEX1" INTEGER REFERENCES "NFLPlayers" ("id"), "FLEX2" INTEGER REFERENCES "NFLPlayers" ("id"), "K1" INTEGER REFERENCES "NFLPlayers" ("id"), "DEF1" INTEGER REFERENCES "NFLPlayers" ("id"), "createdAt" TIMESTAMP WITH TIME ZONE NOT NULL, "updatedAt" TIMESTAMP WITH TIME ZONE NOT NULL, PRIMARY KEY ("UserId","ContestId"));
SELECT i.relname AS name, ix.indisprimary AS primary, ix.indisunique AS unique, ix.indkey AS indkey, array_agg(a.attnum) as column_indexes, array_agg(a.attname) AS column_names, pg_get_indexdef(ix.indexrelid) AS definition FROM pg_class t, pg_class i, pg_index ix, pg_attribute a WHERE t.oid = ix.indrelid AND i.oid = ix.indexrelid AND a.attrelid = t.oid AND t.relkind = 'r' and t.relname = 'Entries' GROUP BY i.relname, ix.indexrelid, ix.indisprimary, ix.indisunique, ix.indkey ORDER BY i.relname;
CREATE TABLE IF NOT EXISTS "Offers" ("id" UUID , "isbid" BOOLEAN NOT NULL, "price" INTEGER NOT NULL, "protected" BOOLEAN NOT NULL DEFAULT false, "filled" BOOLEAN NOT NULL DEFAULT false, "cancelled" BOOLEAN NOT NULL DEFAULT false, "UserId" INTEGER NOT NULL REFERENCES "Users" ("id") ON DELETE NO ACTION ON UPDATE CASCADE, "ContestId" INTEGER NOT NULL REFERENCES "Contests" ("id") ON DELETE NO ACTION ON UPDATE CASCADE, "NFLPlayerId" INTEGER NOT NULL REFERENCES "NFLPlayers" ("id") ON DELETE NO ACTION ON UPDATE CASCADE, "createdAt" TIMESTAMP WITH TIME ZONE NOT NULL, "updatedAt" TIMESTAMP WITH TIME ZONE NOT NULL, PRIMARY KEY ("id"));
SELECT i.relname AS name, ix.indisprimary AS primary, ix.indisunique AS unique, ix.indkey AS indkey, array_agg(a.attnum) as column_indexes, array_agg(a.attname) AS column_names, pg_get_indexdef(ix.indexrelid) AS definition FROM pg_class t, pg_class i, pg_index ix, pg_attribute a WHERE t.oid = ix.indrelid AND i.oid = ix.indexrelid AND a.attrelid = t.oid AND t.relkind = 'r' and t.relname = 'Offers' GROUP BY i.relname, ix.indexrelid, ix.indisprimary, ix.indisunique, ix.indkey ORDER BY i.relname;
CREATE UNIQUE INDEX "IX_Offer-OneActive" ON "Offers" ("ContestId", "UserId", "NFLPlayerId") WHERE "filled" = false AND "cancelled" = false;
CREATE INDEX "IX_Offer-Active" ON "Offers" ("ContestId", "UserId", "NFLPlayerId", "createdAt" ASC) WHERE "filled" = false AND "cancelled" = false;
CREATE TABLE IF NOT EXISTS "PriceHistories" ("id"   SERIAL , "lastTradePrice" INTEGER, "ContestId" INTEGER NOT NULL REFERENCES "Contests" ("id"), "NFLPlayerId" INTEGER NOT NULL REFERENCES "NFLPlayers" ("id"), "createdAt" TIMESTAMP WITH TIME ZONE NOT NULL, "updatedAt" TIMESTAMP WITH TIME ZONE NOT NULL, PRIMARY KEY ("id"));
SELECT i.relname AS name, ix.indisprimary AS primary, ix.indisunique AS unique, ix.indkey AS indkey, array_agg(a.attnum) as column_indexes, array_agg(a.attname) AS column_names, pg_get_indexdef(ix.indexrelid) AS definition FROM pg_class t, pg_class i, pg_index ix, pg_attribute a WHERE t.oid = ix.indrelid AND i.oid = ix.indexrelid AND a.attrelid = t.oid AND t.relkind = 'r' and t.relname = 'PriceHistories' GROUP BY i.relname, ix.indexrelid, ix.indisprimary, ix.indisunique, ix.indkey ORDER BY i.relname;
CREATE TABLE IF NOT EXISTS "ProtectedMatches" ("existingId" UUID  REFERENCES "Offers" ("id") ON DELETE NO ACTION ON UPDATE CASCADE, "newId" UUID  REFERENCES "Offers" ("id") ON DELETE NO ACTION ON UPDATE CASCADE, "createdAt" TIMESTAMP WITH TIME ZONE NOT NULL, "updatedAt" TIMESTAMP WITH TIME ZONE NOT NULL, PRIMARY KEY ("existingId","newId"));
SELECT i.relname AS name, ix.indisprimary AS primary, ix.indisunique AS unique, ix.indkey AS indkey, array_agg(a.attnum) as column_indexes, array_agg(a.attname) AS column_names, pg_get_indexdef(ix.indexrelid) AS definition FROM pg_class t, pg_class i, pg_index ix, pg_attribute a WHERE t.oid = ix.indrelid AND i.oid = ix.indexrelid AND a.attrelid = t.oid AND t.relkind = 'r' and t.relname = 'ProtectedMatches' GROUP BY i.relname, ix.indexrelid, ix.indisprimary, ix.indisunique, ix.indkey ORDER BY i.relname;
CREATE TABLE IF NOT EXISTS "Trades" ("price" INTEGER NOT NULL, "bidId" UUID NOT NULL  REFERENCES "Offers" ("id") ON DELETE NO ACTION ON UPDATE CASCADE, "askId" UUID NOT NULL  REFERENCES "Offers" ("id") ON DELETE NO ACTION ON UPDATE CASCADE, "createdAt" TIMESTAMP WITH TIME ZONE NOT NULL, "updatedAt" TIMESTAMP WITH TIME ZONE NOT NULL, PRIMARY KEY ("bidId","askId"));
SELECT i.relname AS name, ix.indisprimary AS primary, ix.indisunique AS unique, ix.indkey AS indkey, array_agg(a.attnum) as column_indexes, array_agg(a.attname) AS column_names, pg_get_indexdef(ix.indexrelid) AS definition FROM pg_class t, pg_class i, pg_index ix, pg_attribute a WHERE t.oid = ix.indrelid AND i.oid = ix.indexrelid AND a.attrelid = t.oid AND t.relkind = 'r' and t.relname = 'Trades' GROUP BY i.relname, ix.indexrelid, ix.indisprimary, ix.indisunique, ix.indkey ORDER BY i.relname;
INSERT INTO "NFLPositions" ("id","name","canflex","createdAt","updatedAt") VALUES (99,'FLEX',false,'2021-09-24 14:25:56.803 +00:00','2021-09-24 14:25:56.803 +00:00'),(1,'QB',false,'2021-09-24 14:25:56.803 +00:00','2021-09-24 14:25:56.803 +00:00'),(2,'RB',true,'2021-09-24 14:25:56.803 +00:00','2021-09-24 14:25:56.803 +00:00'),(3,'WR',true,'2021-09-24 14:25:56.803 +00:00','2021-09-24 14:25:56.803 +00:00'),(4,'TE',true,'2021-09-24 14:25:56.803 +00:00','2021-09-24 14:25:56.803 +00:00'),(5,'K',false,'2021-09-24 14:25:56.803 +00:00','2021-09-24 14:25:56.803 +00:00'),(6,'DEF',false,'2021-09-24 14:25:56.803 +00:00','2021-09-24 14:25:56.803 +00:00') RETURNING "id","name","canflex","createdAt","updatedAt";
INSERT INTO "NFLTeams" ("id","location","name","abr","createdAt","updatedAt") VALUES (22,'Arizona','Cardinals','ARI','2021-09-24 14:25:56.850 +00:00','2021-09-24 14:25:56.850 +00:00'),(1,'Atlanta','Falcons','ATL','2021-09-24 14:25:56.850 +00:00','2021-09-24 14:25:56.850 +00:00'),(33,'Baltimore','Ravens','BAL','2021-09-24 14:25:56.850 +00:00','2021-09-24 14:25:56.850 +00:00'),(2,'Buffalo','Bills','BUF','2021-09-24 14:25:56.850 +00:00','2021-09-24 14:25:56.850 +00:00'),(29,'Carolina','Panthers','CAR','2021-09-24 14:25:56.850 +00:00','2021-09-24 14:25:56.850 +00:00'),(3,'Chicago','Bears','CHI','2021-09-24 14:25:56.850 +00:00','2021-09-24 14:25:56.850 +00:00'),(4,'Cincinnati','Bengals','CIN','2021-09-24 14:25:56.850 +00:00','2021-09-24 14:25:56.850 +00:00'),(5,'Cleveland','Browns','CLE','2021-09-24 14:25:56.850 +00:00','2021-09-24 14:25:56.850 +00:00'),(6,'Dallas','Cowboys','DAL','2021-09-24 14:25:56.850 +00:00','2021-09-24 14:25:56.850 +00:00'),(7,'Denver','Broncos','DEN','2021-09-24 14:25:56.850 +00:00','2021-09-24 14:25:56.850 +00:00'),(8,'Detroit','Lions','DET','2021-09-24 14:25:56.850 +00:00','2021-09-24 14:25:56.850 +00:00'),(9,'Green Bay','Packers','GB','2021-09-24 14:25:56.850 +00:00','2021-09-24 14:25:56.850 +00:00'),(34,'Houston','Texans','HOU','2021-09-24 14:25:56.850 +00:00','2021-09-24 14:25:56.850 +00:00'),(11,'Indianapolis','Colts','IND','2021-09-24 14:25:56.850 +00:00','2021-09-24 14:25:56.850 +00:00'),(30,'Jacksonville','Jaguars','JAX','2021-09-24 14:25:56.850 +00:00','2021-09-24 14:25:56.850 +00:00'),(12,'Kansas City','Chiefs','KC','2021-09-24 14:25:56.850 +00:00','2021-09-24 14:25:56.850 +00:00'),(15,'Miami','Dolphins','MIA','2021-09-24 14:25:56.850 +00:00','2021-09-24 14:25:56.850 +00:00'),(16,'Minnesota','Vikings','MIN','2021-09-24 14:25:56.850 +00:00','2021-09-24 14:25:56.850 +00:00'),(17,'New England','Patriots','NE','2021-09-24 14:25:56.850 +00:00','2021-09-24 14:25:56.850 +00:00'),(18,'New Orleans','Saints','NO','2021-09-24 14:25:56.850 +00:00','2021-09-24 14:25:56.850 +00:00'),(19,'New York','Giants','NYG','2021-09-24 14:25:56.850 +00:00','2021-09-24 14:25:56.850 +00:00'),(20,'New York','Jets','NYJ','2021-09-24 14:25:56.850 +00:00','2021-09-24 14:25:56.850 +00:00'),(13,'Las Vegas','Raiders','LV','2021-09-24 14:25:56.850 +00:00','2021-09-24 14:25:56.850 +00:00'),(21,'Philadelphia','Eagles','PHI','2021-09-24 14:25:56.850 +00:00','2021-09-24 14:25:56.850 +00:00'),(23,'Pittsburgh','Steelers','PIT','2021-09-24 14:25:56.850 +00:00','2021-09-24 14:25:56.850 +00:00'),(24,'Los Angeles','Chargers','LAC','2021-09-24 14:25:56.850 +00:00','2021-09-24 14:25:56.850 +00:00'),(25,'San Francisco','49ers','SF','2021-09-24 14:25:56.850 +00:00','2021-09-24 14:25:56.850 +00:00'),(26,'Seattle','Seahawks','SEA','2021-09-24 14:25:56.850 +00:00','2021-09-24 14:25:56.850 +00:00'),(14,'Los Angeles','Rams','LAR','2021-09-24 14:25:56.850 +00:00','2021-09-24 14:25:56.850 +00:00'),(27,'Tampa Bay','Buccaneers','TB','2021-09-24 14:25:56.850 +00:00','2021-09-24 14:25:56.850 +00:00'),(10,'Tennessee','Titans','TEN','2021-09-24 14:25:56.850 +00:00','2021-09-24 14:25:56.850 +00:00'),(28,'Washington','Football Team','WAS','2021-09-24 14:25:56.850 +00:00','2021-09-24 14:25:56.850 +00:00') RETURNING "id","location","name","abr","createdAt","updatedAt";
INSERT INTO "NFLPlayers" ("id","name","preprice","postprice","NFLPositionId","NFLTeamId","createdAt","updatedAt") VALUES (22,'Arizona Cardinals',1100,700,6,22,'2021-09-24 14:25:56.869 +00:00','2021-09-24 14:25:56.869 +00:00'),(1,'Atlanta Falcons',1100,700,6,1,'2021-09-24 14:25:56.869 +00:00','2021-09-24 14:25:56.869 +00:00'),(33,'Baltimore Ravens',1100,700,6,33,'2021-09-24 14:25:56.869 +00:00','2021-09-24 14:25:56.869 +00:00'),(2,'Buffalo Bills',1100,700,6,2,'2021-09-24 14:25:56.869 +00:00','2021-09-24 14:25:56.869 +00:00'),(29,'Carolina Panthers',1100,700,6,29,'2021-09-24 14:25:56.869 +00:00','2021-09-24 14:25:56.869 +00:00'),(3,'Chicago Bears',1100,700,6,3,'2021-09-24 14:25:56.869 +00:00','2021-09-24 14:25:56.869 +00:00'),(4,'Cincinnati Bengals',1100,700,6,4,'2021-09-24 14:25:56.869 +00:00','2021-09-24 14:25:56.869 +00:00'),(5,'Cleveland Browns',1100,700,6,5,'2021-09-24 14:25:56.869 +00:00','2021-09-24 14:25:56.869 +00:00'),(6,'Dallas Cowboys',1100,700,6,6,'2021-09-24 14:25:56.869 +00:00','2021-09-24 14:25:56.869 +00:00'),(7,'Denver Broncos',1100,700,6,7,'2021-09-24 14:25:56.869 +00:00','2021-09-24 14:25:56.869 +00:00'),(8,'Detroit Lions',1100,700,6,8,'2021-09-24 14:25:56.869 +00:00','2021-09-24 14:25:56.869 +00:00'),(9,'Green Bay Packers',1100,700,6,9,'2021-09-24 14:25:56.869 +00:00','2021-09-24 14:25:56.869 +00:00'),(34,'Houston Texans',1100,700,6,34,'2021-09-24 14:25:56.869 +00:00','2021-09-24 14:25:56.869 +00:00'),(11,'Indianapolis Colts',1100,700,6,11,'2021-09-24 14:25:56.869 +00:00','2021-09-24 14:25:56.869 +00:00'),(30,'Jacksonville Jaguars',1100,700,6,30,'2021-09-24 14:25:56.869 +00:00','2021-09-24 14:25:56.869 +00:00'),(12,'Kansas City Chiefs',1100,700,6,12,'2021-09-24 14:25:56.869 +00:00','2021-09-24 14:25:56.869 +00:00'),(15,'Miami Dolphins',1100,700,6,15,'2021-09-24 14:25:56.869 +00:00','2021-09-24 14:25:56.869 +00:00'),(16,'Minnesota Vikings',1100,700,6,16,'2021-09-24 14:25:56.869 +00:00','2021-09-24 14:25:56.869 +00:00'),(17,'New England Patriots',1100,700,6,17,'2021-09-24 14:25:56.869 +00:00','2021-09-24 14:25:56.869 +00:00'),(18,'New Orleans Saints',1100,700,6,18,'2021-09-24 14:25:56.869 +00:00','2021-09-24 14:25:56.869 +00:00'),(19,'New York Giants',1100,700,6,19,'2021-09-24 14:25:56.869 +00:00','2021-09-24 14:25:56.869 +00:00'),(20,'New York Jets',1100,700,6,20,'2021-09-24 14:25:56.869 +00:00','2021-09-24 14:25:56.869 +00:00'),(13,'Las Vegas Raiders',1100,700,6,13,'2021-09-24 14:25:56.869 +00:00','2021-09-24 14:25:56.869 +00:00'),(21,'Philadelphia Eagles',1100,700,6,21,'2021-09-24 14:25:56.869 +00:00','2021-09-24 14:25:56.869 +00:00'),(23,'Pittsburgh Steelers',1100,700,6,23,'2021-09-24 14:25:56.869 +00:00','2021-09-24 14:25:56.869 +00:00'),(24,'Los Angeles Chargers',1100,700,6,24,'2021-09-24 14:25:56.869 +00:00','2021-09-24 14:25:56.869 +00:00'),(25,'San Francisco 49ers',1100,700,6,25,'2021-09-24 14:25:56.869 +00:00','2021-09-24 14:25:56.869 +00:00'),(26,'Seattle Seahawks',1100,700,6,26,'2021-09-24 14:25:56.869 +00:00','2021-09-24 14:25:56.869 +00:00'),(14,'Los Angeles Rams',1100,700,6,14,'2021-09-24 14:25:56.869 +00:00','2021-09-24 14:25:56.869 +00:00'),(27,'Tampa Bay Buccaneers',1100,700,6,27,'2021-09-24 14:25:56.869 +00:00','2021-09-24 14:25:56.869 +00:00'),(10,'Tennessee Titans',1100,700,6,10,'2021-09-24 14:25:56.869 +00:00','2021-09-24 14:25:56.869 +00:00'),(28,'Washington Football Team',1100,700,6,28,'2021-09-24 14:25:56.869 +00:00','2021-09-24 14:25:56.869 +00:00') RETURNING "id","name","jersey","preprice","postprice","NFLPositionId","NFLTeamId","createdAt","updatedAt";
INSERT INTO "NFLPlayers" ("id","name","preprice","postprice","NFLPositionId","NFLTeamId","createdAt","updatedAt") VALUES (31833,'Kyler Murray',1100,700,1,22,'2021-09-24 14:25:57.675 +00:00','2021-09-24 14:25:57.675 +00:00'),(31002,'Lamar Jackson',1100,700,1,33,'2021-09-24 14:25:57.675 +00:00','2021-09-24 14:25:57.675 +00:00'),(30123,'Patrick Mahomes',1100,700,1,12,'2021-09-24 14:25:57.675 +00:00','2021-09-24 14:25:57.675 +00:00'),(25785,'Russell Wilson',1100,700,1,26,'2021-09-24 14:25:57.675 +00:00','2021-09-24 14:25:57.675 +00:00'),(30977,'Josh Allen',1100,700,1,2,'2021-09-24 14:25:57.675 +00:00','2021-09-24 14:25:57.675 +00:00'),(29369,'Dak Prescott',1100,700,1,6,'2021-09-24 14:25:57.675 +00:00','2021-09-24 14:25:57.675 +00:00'),(32723,'Jalen Hurts',1100,700,1,21,'2021-09-24 14:25:57.675 +00:00','2021-09-24 14:25:57.675 +00:00'),(30121,'Christian McCaffrey',1100,700,2,29,'2021-09-24 14:25:57.675 +00:00','2021-09-24 14:25:57.675 +00:00'),(5228,'Tom Brady',1100,700,1,27,'2021-09-24 14:25:57.675 +00:00','2021-09-24 14:25:57.675 +00:00'),(32676,'Justin Herbert',1100,700,1,24,'2021-09-24 14:25:57.675 +00:00','2021-09-24 14:25:57.675 +00:00'),(7200,'Aaron Rodgers',1100,700,1,9,'2021-09-24 14:25:57.675 +00:00','2021-09-24 14:25:57.675 +00:00'),(25812,'Kirk Cousins',1100,700,1,16,'2021-09-24 14:25:57.675 +00:00','2021-09-24 14:25:57.675 +00:00'),(31838,'Daniel Jones',1100,700,1,19,'2021-09-24 14:25:57.675 +00:00','2021-09-24 14:25:57.675 +00:00'),(25718,'Ryan Tannehill',1100,700,1,10,'2021-09-24 14:25:57.675 +00:00','2021-09-24 14:25:57.675 +00:00'),(9265,'Matthew Stafford',1100,700,1,14,'2021-09-24 14:25:57.675 +00:00','2021-09-24 14:25:57.675 +00:00'),(30180,'Alvin Kamara',1100,700,2,18,'2021-09-24 14:25:57.675 +00:00','2021-09-24 14:25:57.675 +00:00'),(30154,'Dalvin Cook',1100,700,2,16,'2021-09-24 14:25:57.675 +00:00','2021-09-24 14:25:57.675 +00:00'),(33399,'Justin Fields',1100,700,1,3,'2021-09-24 14:25:57.675 +00:00','2021-09-24 14:25:57.675 +00:00'),(27560,'Teddy Bridgewater',1100,700,1,7,'2021-09-24 14:25:57.675 +00:00','2021-09-24 14:25:57.675 +00:00'),(27564,'Derek Carr',1100,700,1,13,'2021-09-24 14:25:57.675 +00:00','2021-09-24 14:25:57.675 +00:00'),(30973,'Sam Darnold',1100,700,1,29,'2021-09-24 14:25:57.675 +00:00','2021-09-24 14:25:57.675 +00:00'),(29279,'Derrick Henry',1100,700,2,10,'2021-09-24 14:25:57.675 +00:00','2021-09-24 14:25:57.675 +00:00'),(33389,'Trevor Lawrence',1100,700,1,30,'2021-09-24 14:25:57.675 +00:00','2021-09-24 14:25:57.675 +00:00'),(32671,'Joe Burrow',1100,700,1,4,'2021-09-24 14:25:57.675 +00:00','2021-09-24 14:25:57.675 +00:00'),(6770,'Ben Roethlisberger',1100,700,1,23,'2021-09-24 14:25:57.675 +00:00','2021-09-24 14:25:57.675 +00:00') ON CONFLICT ("id") DO UPDATE SET "preprice"=EXCLUDED."preprice","postprice"=EXCLUDED."postprice","NFLTeamId"=EXCLUDED."NFLTeamId" RETURNING "id","name","jersey","preprice","postprice","NFLPositionId","NFLTeamId","createdAt","updatedAt";
INSERT INTO "NFLPlayers" ("id","name","preprice","postprice","NFLPositionId","NFLTeamId","createdAt","updatedAt") VALUES (30295,'Aaron Jones',1100,700,2,9,'2021-09-24 14:25:58.371 +00:00','2021-09-24 14:25:58.371 +00:00'),(8780,'Matt Ryan',1100,700,1,1,'2021-09-24 14:25:58.371 +00:00','2021-09-24 14:25:58.371 +00:00'),(29399,'Tyreek Hill',1100,700,3,12,'2021-09-24 14:25:58.371 +00:00','2021-09-24 14:25:58.371 +00:00'),(29236,'Carson Wentz',1100,700,1,11,'2021-09-24 14:25:58.371 +00:00','2021-09-24 14:25:58.371 +00:00'),(30971,'Baker Mayfield',1100,700,1,5,'2021-09-24 14:25:58.371 +00:00','2021-09-24 14:25:58.371 +00:00'),(27581,'Davante Adams',1100,700,3,9,'2021-09-24 14:25:58.371 +00:00','2021-09-24 14:25:58.371 +00:00'),(28839,'Taylor Heinicke',1100,700,1,28,'2021-09-24 14:25:58.371 +00:00','2021-09-24 14:25:58.371 +00:00'),(30972,'Saquon Barkley',1100,700,2,19,'2021-09-24 14:25:58.371 +00:00','2021-09-24 14:25:58.371 +00:00'),(27590,'Jimmy Garoppolo',1100,700,1,25,'2021-09-24 14:25:58.371 +00:00','2021-09-24 14:25:58.371 +00:00'),(26686,'Travis Kelce',1100,700,4,12,'2021-09-24 14:25:58.371 +00:00','2021-09-24 14:25:58.371 +00:00'),(29325,'Jacoby Brissett',1100,700,1,15,'2021-09-24 14:25:58.371 +00:00','2021-09-24 14:25:58.371 +00:00'),(26650,'DeAndre Hopkins',1100,700,3,22,'2021-09-24 14:25:58.371 +00:00','2021-09-24 14:25:58.371 +00:00'),(30423,'Austin Ekeler',1100,700,2,24,'2021-09-24 14:25:58.371 +00:00','2021-09-24 14:25:58.371 +00:00'),(28389,'Jameis Winston',1100,700,1,18,'2021-09-24 14:25:58.371 +00:00','2021-09-24 14:25:58.371 +00:00'),(28534,'Stefon Diggs',1100,700,3,2,'2021-09-24 14:25:58.371 +00:00','2021-09-24 14:25:58.371 +00:00'),(29235,'Jared Goff',1100,700,1,8,'2021-09-24 14:25:58.371 +00:00','2021-09-24 14:25:58.371 +00:00'),(30996,'Calvin Ridley',1100,700,3,1,'2021-09-24 14:25:58.371 +00:00','2021-09-24 14:25:58.371 +00:00'),(32687,'CeeDee Lamb',1100,700,3,6,'2021-09-24 14:25:58.371 +00:00','2021-09-24 14:25:58.371 +00:00'),(33403,'Mac Jones',1100,700,1,17,'2021-09-24 14:25:58.371 +00:00','2021-09-24 14:25:58.371 +00:00'),(31005,'Nick Chubb',1100,700,2,5,'2021-09-24 14:25:58.371 +00:00','2021-09-24 14:25:58.371 +00:00'),(33412,'Najee Harris',1100,700,2,23,'2021-09-24 14:25:58.371 +00:00','2021-09-24 14:25:58.371 +00:00'),(30161,'Joe Mixon',1100,700,2,4,'2021-09-24 14:25:58.371 +00:00','2021-09-24 14:25:58.371 +00:00'),(32692,'Justin Jefferson',1100,700,3,16,'2021-09-24 14:25:58.371 +00:00','2021-09-24 14:25:58.371 +00:00'),(30182,'Cooper Kupp',1100,700,3,14,'2021-09-24 14:25:58.371 +00:00','2021-09-24 14:25:58.371 +00:00'),(29238,'Ezekiel Elliott',1100,700,2,6,'2021-09-24 14:25:58.371 +00:00','2021-09-24 14:25:58.371 +00:00') ON CONFLICT ("id") DO UPDATE SET "preprice"=EXCLUDED."preprice","postprice"=EXCLUDED."postprice","NFLTeamId"=EXCLUDED."NFLTeamId" RETURNING "id","name","jersey","preprice","postprice","NFLPositionId","NFLTeamId","createdAt","updatedAt";
INSERT INTO "NFLPlayers" ("id","name","preprice","postprice","NFLPositionId","NFLTeamId","createdAt","updatedAt") VALUES (26699,'Keenan Allen',1100,700,3,24,'2021-09-24 14:25:59.096 +00:00','2021-09-24 14:25:59.096 +00:00'),(31896,'DK Metcalf',1100,700,3,26,'2021-09-24 14:25:59.096 +00:00','2021-09-24 14:25:59.096 +00:00'),(31885,'Miles Sanders',1100,700,2,21,'2021-09-24 14:25:59.096 +00:00','2021-09-24 14:25:59.096 +00:00'),(28457,'Tyler Lockett',1100,700,3,26,'2021-09-24 14:25:59.096 +00:00','2021-09-24 14:25:59.096 +00:00'),(28392,'Amari Cooper',1100,700,3,6,'2021-09-24 14:25:59.096 +00:00','2021-09-24 14:25:59.096 +00:00'),(31905,'David Montgomery',1100,700,2,3,'2021-09-24 14:25:59.096 +00:00','2021-09-24 14:25:59.096 +00:00'),(32711,'Jonathan Taylor',1100,700,2,11,'2021-09-24 14:25:59.096 +00:00','2021-09-24 14:25:59.096 +00:00'),(27277,'Adam Thielen',1100,700,3,16,'2021-09-24 14:25:59.096 +00:00','2021-09-24 14:25:59.096 +00:00'),(32705,'D''Andre Swift',1100,700,2,8,'2021-09-24 14:25:59.096 +00:00','2021-09-24 14:25:59.096 +00:00'),(30362,'Chris Carson',1100,700,2,26,'2021-09-24 14:25:59.096 +00:00','2021-09-24 14:25:59.096 +00:00'),(31908,'Terry McLaurin',1100,700,3,28,'2021-09-24 14:25:59.096 +00:00','2021-09-24 14:25:59.096 +00:00'),(28592,'Darren Waller',1100,700,4,13,'2021-09-24 14:25:59.096 +00:00','2021-09-24 14:25:59.096 +00:00'),(31883,'A.J. Brown',1100,700,3,10,'2021-09-24 14:25:59.096 +00:00','2021-09-24 14:25:59.096 +00:00'),(27589,'Allen Robinson II',1100,700,3,3,'2021-09-24 14:25:59.096 +00:00','2021-09-24 14:25:59.096 +00:00'),(32736,'Antonio Gibson',1100,700,2,28,'2021-09-24 14:25:59.096 +00:00','2021-09-24 14:25:59.096 +00:00'),(31868,'Deebo Samuel',1100,700,3,25,'2021-09-24 14:25:59.096 +00:00','2021-09-24 14:25:59.096 +00:00'),(26664,'Robert Woods',1100,700,3,14,'2021-09-24 14:25:59.096 +00:00','2021-09-24 14:25:59.096 +00:00'),(31010,'Courtland Sutton',1100,700,3,7,'2021-09-24 14:25:59.096 +00:00','2021-09-24 14:25:59.096 +00:00'),(30197,'Chris Godwin',1100,700,3,27,'2021-09-24 14:25:59.096 +00:00','2021-09-24 14:25:59.096 +00:00'),(24793,'Julio Jones',1100,700,3,10,'2021-09-24 14:25:59.096 +00:00','2021-09-24 14:25:59.096 +00:00'),(33390,'Zach Wilson',1100,700,1,20,'2021-09-24 14:25:59.096 +00:00','2021-09-24 14:25:59.096 +00:00'),(30994,'DJ Moore',1100,700,3,29,'2021-09-24 14:25:59.096 +00:00','2021-09-24 14:25:59.096 +00:00'),(33582,'Eli Mitchell',1100,700,2,25,'2021-09-24 14:25:59.096 +00:00','2021-09-24 14:25:59.096 +00:00'),(32704,'Michael Pittman Jr.',1100,700,3,11,'2021-09-24 14:25:59.096 +00:00','2021-09-24 14:25:59.096 +00:00'),(27535,'Mike Evans',1100,700,3,27,'2021-09-24 14:25:59.096 +00:00','2021-09-24 14:25:59.096 +00:00') ON CONFLICT ("id") DO UPDATE SET "preprice"=EXCLUDED."preprice","postprice"=EXCLUDED."postprice","NFLTeamId"=EXCLUDED."NFLTeamId" RETURNING "id","name","jersey","preprice","postprice","NFLPositionId","NFLTeamId","createdAt","updatedAt";
INSERT INTO "NFLPlayers" ("id","name","preprice","postprice","NFLPositionId","NFLTeamId","createdAt","updatedAt") VALUES (25876,'Marvin Jones Jr.',1100,700,3,30,'2021-09-24 14:25:59.675 +00:00','2021-09-24 14:25:59.675 +00:00'),(30120,'Mike Williams',1100,700,3,24,'2021-09-24 14:25:59.675 +00:00','2021-09-24 14:25:59.675 +00:00'),(33455,'Davis Mills',1100,700,1,34,'2021-09-24 14:25:59.675 +00:00','2021-09-24 14:25:59.675 +00:00'),(28514,'Mike Davis',1100,700,2,1,'2021-09-24 14:25:59.675 +00:00','2021-09-24 14:25:59.675 +00:00'),(32703,'Tee Higgins',1100,700,3,4,'2021-09-24 14:25:59.675 +00:00','2021-09-24 14:25:59.675 +00:00'),(31902,'Darrell Henderson Jr.',1100,700,2,14,'2021-09-24 14:25:59.675 +00:00','2021-09-24 14:25:59.675 +00:00'),(32702,'Clyde Edwards-Helaire',1100,700,2,12,'2021-09-24 14:25:59.675 +00:00','2021-09-24 14:25:59.675 +00:00'),(33398,'DeVonta Smith',1100,700,3,21,'2021-09-24 14:25:59.675 +00:00','2021-09-24 14:25:59.675 +00:00'),(26060,'Cole Beasley',1100,700,3,2,'2021-09-24 14:25:59.675 +00:00','2021-09-24 14:25:59.675 +00:00'),(31857,'Marquise Brown',1100,700,3,33,'2021-09-24 14:25:59.675 +00:00','2021-09-24 14:25:59.675 +00:00'),(33138,'James Robinson',1100,700,2,30,'2021-09-24 14:25:59.675 +00:00','2021-09-24 14:25:59.675 +00:00'),(29274,'Sterling Shepard',1100,700,3,19,'2021-09-24 14:25:59.675 +00:00','2021-09-24 14:25:59.675 +00:00'),(33393,'Ja''Marr Chase',1100,700,3,4,'2021-09-24 14:25:59.675 +00:00','2021-09-24 14:25:59.675 +00:00'),(30259,'George Kittle',1100,700,4,25,'2021-09-24 14:25:59.675 +00:00','2021-09-24 14:25:59.675 +00:00'),(30175,'JuJu Smith-Schuster',1100,700,3,23,'2021-09-24 14:25:59.675 +00:00','2021-09-24 14:25:59.675 +00:00'),(27548,'Brandin Cooks',1100,700,3,34,'2021-09-24 14:25:59.675 +00:00','2021-09-24 14:25:59.675 +00:00'),(31840,'T.J. Hockenson',1100,700,4,8,'2021-09-24 14:25:59.675 +00:00','2021-09-24 14:25:59.675 +00:00'),(27540,'Odell Beckham Jr.',1100,700,3,5,'2021-09-24 14:25:59.675 +00:00','2021-09-24 14:25:59.675 +00:00'),(31104,'Chase Edmonds',1100,700,2,22,'2021-09-24 14:25:59.675 +00:00','2021-09-24 14:25:59.675 +00:00'),(28403,'Melvin Gordon III',1100,700,2,7,'2021-09-24 14:25:59.675 +00:00','2021-09-24 14:25:59.675 +00:00'),(32066,'Myles Gaskin',1100,700,2,15,'2021-09-24 14:25:59.675 +00:00','2021-09-24 14:25:59.675 +00:00'),(30209,'Kenny Golladay',1100,700,3,19,'2021-09-24 14:25:59.675 +00:00','2021-09-24 14:25:59.675 +00:00'),(32719,'Chase Claypool',1100,700,3,23,'2021-09-24 14:25:59.675 +00:00','2021-09-24 14:25:59.675 +00:00'),(29288,'Tyler Boyd',1100,700,3,4,'2021-09-24 14:25:59.675 +00:00','2021-09-24 14:25:59.675 +00:00'),(30117,'Leonard Fournette',1100,700,2,27,'2021-09-24 14:25:59.675 +00:00','2021-09-24 14:25:59.675 +00:00') ON CONFLICT ("id") DO UPDATE SET "preprice"=EXCLUDED."preprice","postprice"=EXCLUDED."postprice","NFLTeamId"=EXCLUDED."NFLTeamId" RETURNING "id","name","jersey","preprice","postprice","NFLPositionId","NFLTeamId","createdAt","updatedAt";
INSERT INTO "NFLPlayers" ("id","name","preprice","postprice","NFLPositionId","NFLTeamId","createdAt","updatedAt") VALUES (32231,'Jakobi Meyers',1100,700,3,17,'2021-09-24 14:26:00.702 +00:00','2021-09-24 14:26:00.702 +00:00'),(29785,'Robby Anderson',1100,700,3,29,'2021-09-24 14:26:00.702 +00:00','2021-09-24 14:26:00.702 +00:00'),(31919,'Damien Harris',1100,700,2,17,'2021-09-24 14:26:00.702 +00:00','2021-09-24 14:26:00.702 +00:00'),(31056,'Mark Andrews',1100,700,4,33,'2021-09-24 14:26:00.702 +00:00','2021-09-24 14:26:00.702 +00:00'),(33006,'Ty''Son Williams',1100,700,2,33,'2021-09-24 14:26:00.702 +00:00','2021-09-24 14:26:00.702 +00:00'),(32712,'Laviska Shenault Jr.',1100,700,3,30,'2021-09-24 14:26:00.702 +00:00','2021-09-24 14:26:00.702 +00:00'),(31898,'Diontae Johnson',1100,700,3,23,'2021-09-24 14:26:00.702 +00:00','2021-09-24 14:26:00.702 +00:00'),(29307,'Kenyan Drake',1100,700,2,13,'2021-09-24 14:26:00.702 +00:00','2021-09-24 14:26:00.702 +00:00'),(33423,'Javonte Williams',1100,700,2,7,'2021-09-24 14:26:00.702 +00:00','2021-09-24 14:26:00.702 +00:00'),(31856,'Josh Jacobs',1100,700,2,13,'2021-09-24 14:26:00.702 +00:00','2021-09-24 14:26:00.702 +00:00'),(31031,'DJ Chark Jr.',1100,700,3,30,'2021-09-24 14:26:00.702 +00:00','2021-09-24 14:26:00.702 +00:00'),(30218,'James Conner',1100,700,2,22,'2021-09-24 14:26:00.702 +00:00','2021-09-24 14:26:00.702 +00:00'),(30199,'Kareem Hunt',1100,700,2,5,'2021-09-24 14:26:00.702 +00:00','2021-09-24 14:26:00.702 +00:00'),(33437,'Rondale Moore',1100,700,3,22,'2021-09-24 14:26:00.702 +00:00','2021-09-24 14:26:00.702 +00:00'),(24057,'Emmanuel Sanders',1100,700,3,2,'2021-09-24 14:26:00.702 +00:00','2021-09-24 14:26:00.702 +00:00'),(31906,'Devin Singletary',1100,700,2,2,'2021-09-24 14:26:00.702 +00:00','2021-09-24 14:26:00.702 +00:00'),(30118,'Corey Davis',1100,700,3,20,'2021-09-24 14:26:00.702 +00:00','2021-09-24 14:26:00.702 +00:00'),(31888,'Mecole Hardman',1100,700,3,12,'2021-09-24 14:26:00.702 +00:00','2021-09-24 14:26:00.702 +00:00'),(33476,'Trey Sermon',1100,700,2,25,'2021-09-24 14:26:00.702 +00:00','2021-09-24 14:26:00.702 +00:00'),(24017,'Rob Gronkowski',1100,700,4,27,'2021-09-24 14:26:00.702 +00:00','2021-09-24 14:26:00.702 +00:00'),(33392,'Kyle Pitts',1100,700,4,1,'2021-09-24 14:26:00.702 +00:00','2021-09-24 14:26:00.702 +00:00'),(27532,'Sammy Watkins',1100,700,3,33,'2021-09-24 14:26:00.702 +00:00','2021-09-24 14:26:00.702 +00:00'),(31852,'Noah Fant',1100,700,4,7,'2021-09-24 14:26:00.702 +00:00','2021-09-24 14:26:00.702 +00:00'),(27658,'James White',1100,700,2,17,'2021-09-24 14:26:00.702 +00:00','2021-09-24 14:26:00.702 +00:00'),(31074,'Nyheim Hines',1100,700,2,11,'2021-09-24 14:26:00.702 +00:00','2021-09-24 14:26:00.702 +00:00') ON CONFLICT ("id") DO UPDATE SET "preprice"=EXCLUDED."preprice","postprice"=EXCLUDED."postprice","NFLTeamId"=EXCLUDED."NFLTeamId" RETURNING "id","name","jersey","preprice","postprice","NFLPositionId","NFLTeamId","createdAt","updatedAt";
INSERT INTO "NFLPlayers" ("id","name","preprice","postprice","NFLPositionId","NFLTeamId","createdAt","updatedAt") VALUES (24171,'Antonio Brown',1100,700,3,27,'2021-09-24 14:26:01.307 +00:00','2021-09-24 14:26:01.307 +00:00'),(33394,'Jaylen Waddle',1100,700,3,15,'2021-09-24 14:26:01.307 +00:00','2021-09-24 14:26:01.307 +00:00'),(28408,'Nelson Agholor',1100,700,3,17,'2021-09-24 14:26:01.307 +00:00','2021-09-24 14:26:01.307 +00:00'),(24815,'Mark Ingram II',1100,700,2,34,'2021-09-24 14:26:01.307 +00:00','2021-09-24 14:26:01.307 +00:00'),(27648,'Logan Thomas',1100,700,4,28,'2021-09-24 14:26:01.307 +00:00','2021-09-24 14:26:01.307 +00:00'),(32003,'Darius Slayton',1100,700,3,19,'2021-09-24 14:26:01.307 +00:00','2021-09-24 14:26:01.307 +00:00'),(32843,'Darnell Mooney',1100,700,3,3,'2021-09-24 14:26:01.307 +00:00','2021-09-24 14:26:01.307 +00:00'),(29255,'Will Fuller V',1100,700,3,15,'2021-09-24 14:26:01.307 +00:00','2021-09-24 14:26:01.307 +00:00'),(32836,'Quintez Cephus',1100,700,3,8,'2021-09-24 14:26:01.307 +00:00','2021-09-24 14:26:01.307 +00:00'),(32682,'Henry Ruggs III',1100,700,3,13,'2021-09-24 14:26:01.307 +00:00','2021-09-24 14:26:01.307 +00:00'),(32695,'Brandon Aiyuk',1100,700,3,25,'2021-09-24 14:26:01.307 +00:00','2021-09-24 14:26:01.307 +00:00'),(30247,'Jamaal Williams',1100,700,2,8,'2021-09-24 14:26:01.307 +00:00','2021-09-24 14:26:01.307 +00:00'),(30502,'Zach Pascal',1100,700,3,11,'2021-09-24 14:26:01.307 +00:00','2021-09-24 14:26:01.307 +00:00'),(24791,'A.J. Green',1100,700,3,22,'2021-09-24 14:26:01.307 +00:00','2021-09-24 14:26:01.307 +00:00'),(30511,'Tim Patrick',1100,700,3,7,'2021-09-24 14:26:01.307 +00:00','2021-09-24 14:26:01.307 +00:00'),(33422,'Elijah Moore',1100,700,3,20,'2021-09-24 14:26:01.307 +00:00','2021-09-24 14:26:01.307 +00:00'),(31008,'Ronald Jones II',1100,700,2,27,'2021-09-24 14:26:01.307 +00:00','2021-09-24 14:26:01.307 +00:00'),(33495,'Michael Carter',1100,700,2,20,'2021-09-24 14:26:01.307 +00:00','2021-09-24 14:26:01.307 +00:00'),(31981,'Hunter Renfrow',1100,700,3,13,'2021-09-24 14:26:01.307 +00:00','2021-09-24 14:26:01.307 +00:00'),(31180,'Braxton Berrios',1100,700,3,20,'2021-09-24 14:26:01.307 +00:00','2021-09-24 14:26:01.307 +00:00'),(32727,'Van Jefferson Jr.',1100,700,3,14,'2021-09-24 14:26:01.307 +00:00','2021-09-24 14:26:01.307 +00:00'),(29344,'Tyler Higbee',1100,700,4,14,'2021-09-24 14:26:01.307 +00:00','2021-09-24 14:26:01.307 +00:00'),(31960,'Tony Pollard',1100,700,2,6,'2021-09-24 14:26:01.307 +00:00','2021-09-24 14:26:01.307 +00:00'),(26652,'Cordarrelle Patterson',1100,700,3,1,'2021-09-24 14:26:01.307 +00:00','2021-09-24 14:26:01.307 +00:00'),(28402,'DeVante Parker',1100,700,3,15,'2021-09-24 14:26:01.307 +00:00','2021-09-24 14:26:01.307 +00:00') ON CONFLICT ("id") DO UPDATE SET "preprice"=EXCLUDED."preprice","postprice"=EXCLUDED."postprice","NFLTeamId"=EXCLUDED."NFLTeamId" RETURNING "id","name","jersey","preprice","postprice","NFLPositionId","NFLTeamId","createdAt","updatedAt";
INSERT INTO "NFLPlayers" ("id","name","preprice","postprice","NFLPositionId","NFLTeamId","createdAt","updatedAt") VALUES (32716,'KJ Hamler',1100,700,3,7,'2021-09-24 14:26:01.958 +00:00','2021-09-24 14:26:01.958 +00:00'),(32691,'Jalen Reagor',1100,700,3,21,'2021-09-24 14:26:01.958 +00:00','2021-09-24 14:26:01.958 +00:00'),(32751,'Bryan Edwards',1100,700,3,13,'2021-09-24 14:26:01.958 +00:00','2021-09-24 14:26:01.958 +00:00'),(33447,'Terrace Marshall Jr.',1100,700,3,29,'2021-09-24 14:26:01.958 +00:00','2021-09-24 14:26:01.958 +00:00'),(33109,'Marquez Callaway',1100,700,3,18,'2021-09-24 14:26:01.958 +00:00','2021-09-24 14:26:01.958 +00:00'),(26804,'Latavius Murray',1100,700,2,33,'2021-09-24 14:26:01.958 +00:00','2021-09-24 14:26:01.958 +00:00'),(30157,'Gerald Everett',1100,700,4,26,'2021-09-24 14:26:01.958 +00:00','2021-09-24 14:26:01.958 +00:00'),(9353,'Jared Cook',1100,700,4,24,'2021-09-24 14:26:01.958 +00:00','2021-09-24 14:26:01.958 +00:00'),(32846,'K.J. Osborn',1100,700,3,16,'2021-09-24 14:26:01.958 +00:00','2021-09-24 14:26:01.958 +00:00'),(30777,'Robert Tonyan',1100,700,4,9,'2021-09-24 14:26:01.958 +00:00','2021-09-24 14:26:01.958 +00:00'),(31001,'Sony Michel',1100,700,2,14,'2021-09-24 14:26:01.958 +00:00','2021-09-24 14:26:01.958 +00:00'),(30136,'Evan Engram',1100,700,4,19,'2021-09-24 14:26:01.958 +00:00','2021-09-24 14:26:01.958 +00:00'),(31017,'Christian Kirk',1100,700,3,22,'2021-09-24 14:26:01.958 +00:00','2021-09-24 14:26:01.958 +00:00'),(32798,'Gabriel Davis',1100,700,3,2,'2021-09-24 14:26:01.958 +00:00','2021-09-24 14:26:01.958 +00:00'),(31012,'Mike Gesicki',1100,700,4,15,'2021-09-24 14:26:01.958 +00:00','2021-09-24 14:26:01.958 +00:00'),(31178,'Cedrick Wilson',1100,700,3,6,'2021-09-24 14:26:01.958 +00:00','2021-09-24 14:26:01.958 +00:00'),(33538,'Kenneth Gainwell',1100,700,2,21,'2021-09-24 14:26:01.958 +00:00','2021-09-24 14:26:01.958 +00:00'),(29315,'Austin Hooper',1100,700,4,5,'2021-09-24 14:26:01.958 +00:00','2021-09-24 14:26:01.958 +00:00'),(29269,'Hunter Henry',1100,700,4,17,'2021-09-24 14:26:01.958 +00:00','2021-09-24 14:26:01.958 +00:00'),(31019,'Dallas Goedert',1100,700,4,21,'2021-09-24 14:26:01.958 +00:00','2021-09-24 14:26:01.958 +00:00'),(30213,'Jonnu Smith',1100,700,4,17,'2021-09-24 14:26:01.958 +00:00','2021-09-24 14:26:01.958 +00:00'),(31144,'Marquez Valdes-Scantling',1100,700,3,9,'2021-09-24 14:26:01.958 +00:00','2021-09-24 14:26:01.958 +00:00'),(32732,'AJ Dillon',1100,700,2,9,'2021-09-24 14:26:01.958 +00:00','2021-09-24 14:26:01.958 +00:00'),(32713,'Cole Kmet',1100,700,4,3,'2021-09-24 14:26:01.958 +00:00','2021-09-24 14:26:01.958 +00:00'),(29609,'Chester Rogers',1100,700,3,10,'2021-09-24 14:26:01.958 +00:00','2021-09-24 14:26:01.958 +00:00') ON CONFLICT ("id") DO UPDATE SET "preprice"=EXCLUDED."preprice","postprice"=EXCLUDED."postprice","NFLTeamId"=EXCLUDED."NFLTeamId" RETURNING "id","name","jersey","preprice","postprice","NFLPositionId","NFLTeamId","createdAt","updatedAt";
INSERT INTO "NFLPlayers" ("id","name","preprice","postprice","NFLPositionId","NFLTeamId","createdAt","updatedAt") VALUES (30142,'David Njoku',1100,700,4,5,'2021-09-24 14:26:02.620 +00:00','2021-09-24 14:26:02.620 +00:00'),(33599,'Demetric Felton',1100,700,3,5,'2021-09-24 14:26:02.620 +00:00','2021-09-24 14:26:02.620 +00:00'),(31021,'Anthony Miller',1100,700,3,34,'2021-09-24 14:26:02.620 +00:00','2021-09-24 14:26:02.620 +00:00'),(26658,'Zach Ertz',1100,700,4,21,'2021-09-24 14:26:02.620 +00:00','2021-09-24 14:26:02.620 +00:00'),(31928,'Dawson Knox',1100,700,4,2,'2021-09-24 14:26:02.620 +00:00','2021-09-24 14:26:02.620 +00:00'),(31127,'Tyler Conklin',1100,700,4,16,'2021-09-24 14:26:02.620 +00:00','2021-09-24 14:26:02.620 +00:00'),(32398,'Deonte Harris',1100,700,3,18,'2021-09-24 14:26:02.620 +00:00','2021-09-24 14:26:02.620 +00:00'),(28474,'David Johnson',1100,700,2,34,'2021-09-24 14:26:02.620 +00:00','2021-09-24 14:26:02.620 +00:00'),(32040,'Scotty Miller',1100,700,3,27,'2021-09-24 14:26:02.620 +00:00','2021-09-24 14:26:02.620 +00:00'),(29650,'J.D. McKissic',1100,700,2,28,'2021-09-24 14:26:02.620 +00:00','2021-09-24 14:26:02.620 +00:00'),(27299,'Jack Doyle',1100,700,4,11,'2021-09-24 14:26:02.620 +00:00','2021-09-24 14:26:02.620 +00:00'),(33479,'Anthony Schwartz',1100,700,3,5,'2021-09-24 14:26:02.620 +00:00','2021-09-24 14:26:02.620 +00:00'),(32756,'Zack Moss',1100,700,2,2,'2021-09-24 14:26:02.620 +00:00','2021-09-24 14:26:02.620 +00:00'),(33500,'Amon-Ra St. Brown',1100,700,3,8,'2021-09-24 14:26:02.620 +00:00','2021-09-24 14:26:02.620 +00:00'),(31164,'Russell Gage',1100,700,3,1,'2021-09-24 14:26:02.620 +00:00','2021-09-24 14:26:02.620 +00:00'),(29070,'Adam Humphries',1100,700,3,28,'2021-09-24 14:26:02.620 +00:00','2021-09-24 14:26:02.620 +00:00'),(33443,'Pat Freiermuth',1100,700,4,23,'2021-09-24 14:26:02.620 +00:00','2021-09-24 14:26:02.620 +00:00'),(33470,'Dyami Brown',1100,700,3,28,'2021-09-24 14:26:02.620 +00:00','2021-09-24 14:26:02.620 +00:00'),(28545,'C.J. Uzomah',1100,700,4,4,'2021-09-24 14:26:02.620 +00:00','2021-09-24 14:26:02.620 +00:00'),(28493,'Jamison Crowder',1100,700,3,20,'2021-09-24 14:26:02.620 +00:00','2021-09-24 14:26:02.620 +00:00'),(31934,'Alexander Mattison',1100,700,2,16,'2021-09-24 14:26:02.620 +00:00','2021-09-24 14:26:02.620 +00:00'),(31320,'Trent Sherfield',1100,700,3,25,'2021-09-24 14:26:02.620 +00:00','2021-09-24 14:26:02.620 +00:00'),(33113,'Juwan Johnson',1100,700,3,18,'2021-09-24 14:26:02.620 +00:00','2021-09-24 14:26:02.620 +00:00'),(30891,'Dan Arnold',1100,700,4,29,'2021-09-24 14:26:02.620 +00:00','2021-09-24 14:26:02.620 +00:00'),(29360,'Demarcus Robinson',1100,700,3,12,'2021-09-24 14:26:02.620 +00:00','2021-09-24 14:26:02.620 +00:00') ON CONFLICT ("id") DO UPDATE SET "preprice"=EXCLUDED."preprice","postprice"=EXCLUDED."postprice","NFLTeamId"=EXCLUDED."NFLTeamId" RETURNING "id","name","jersey","preprice","postprice","NFLPositionId","NFLTeamId","createdAt","updatedAt";
INSERT INTO "NFLPlayers" ("id","name","preprice","postprice","NFLPositionId","NFLTeamId","createdAt","updatedAt") VALUES (30784,'Blake Jarwin',1100,700,4,6,'2021-09-24 14:26:03.209 +00:00','2021-09-24 14:26:03.209 +00:00'),(31107,'Dalton Schultz',1100,700,4,6,'2021-09-24 14:26:03.209 +00:00','2021-09-24 14:26:03.209 +00:00'),(31891,'Parris Campbell',1100,700,3,11,'2021-09-24 14:26:03.209 +00:00','2021-09-24 14:26:03.209 +00:00'),(32870,'Quez Watkins',1100,700,3,21,'2021-09-24 14:26:03.209 +00:00','2021-09-24 14:26:03.209 +00:00'),(32762,'Devin Duvernay',1100,700,3,33,'2021-09-24 14:26:03.209 +00:00','2021-09-24 14:26:03.209 +00:00'),(32018,'Ty Johnson',1100,700,2,20,'2021-09-24 14:26:03.209 +00:00','2021-09-24 14:26:03.209 +00:00'),(24830,'Kyle Rudolph',1100,700,4,19,'2021-09-24 14:26:03.209 +00:00','2021-09-24 14:26:03.209 +00:00'),(26701,'Marquise Goodwin',1100,700,3,3,'2021-09-24 14:26:03.209 +00:00','2021-09-24 14:26:03.209 +00:00'),(31500,'Darrel Williams',1100,700,2,12,'2021-09-24 14:26:03.209 +00:00','2021-09-24 14:26:03.209 +00:00'),(28531,'MyCole Pruitt',1100,700,4,10,'2021-09-24 14:26:03.209 +00:00','2021-09-24 14:26:03.209 +00:00'),(31068,'Jordan Akins',1100,700,4,34,'2021-09-24 14:26:03.209 +00:00','2021-09-24 14:26:03.209 +00:00'),(28443,'Maxx Williams',1100,700,4,22,'2021-09-24 14:26:03.209 +00:00','2021-09-24 14:26:03.209 +00:00'),(32189,'Trinity Benson',1100,700,3,8,'2021-09-24 14:26:03.209 +00:00','2021-09-24 14:26:03.209 +00:00'),(29631,'Kalif Raymond',1100,700,3,8,'2021-09-24 14:26:03.209 +00:00','2021-09-24 14:26:03.209 +00:00'),(28473,'Tyler Kroft',1100,700,4,20,'2021-09-24 14:26:03.209 +00:00','2021-09-24 14:26:03.209 +00:00'),(33114,'Tony Jones Jr.',1100,700,2,18,'2021-09-24 14:26:03.209 +00:00','2021-09-24 14:26:03.209 +00:00'),(30995,'Hayden Hurst',1100,700,4,1,'2021-09-24 14:26:03.209 +00:00','2021-09-24 14:26:03.209 +00:00'),(30571,'Anthony Firkser',1100,700,4,10,'2021-09-24 14:26:03.209 +00:00','2021-09-24 14:26:03.209 +00:00'),(32201,'Jalen Guyton',1100,700,3,24,'2021-09-24 14:26:03.209 +00:00','2021-09-24 14:26:03.209 +00:00'),(27585,'Carlos Hyde',1100,700,2,30,'2021-09-24 14:26:03.209 +00:00','2021-09-24 14:26:03.209 +00:00'),(26660,'Giovani Bernard',1100,700,2,27,'2021-09-24 14:26:03.209 +00:00','2021-09-24 14:26:03.209 +00:00'),(28464,'Chris Conley',1100,700,3,34,'2021-09-24 14:26:03.209 +00:00','2021-09-24 14:26:03.209 +00:00'),(32884,'Freddie Swain',1100,700,3,26,'2021-09-24 14:26:03.209 +00:00','2021-09-24 14:26:03.209 +00:00'),(30551,'Kendrick Bourne',1100,700,3,17,'2021-09-24 14:26:03.209 +00:00','2021-09-24 14:26:03.209 +00:00'),(32788,'Albert Okwuegbunam',1100,700,4,7,'2021-09-24 14:26:03.209 +00:00','2021-09-24 14:26:03.209 +00:00') ON CONFLICT ("id") DO UPDATE SET "preprice"=EXCLUDED."preprice","postprice"=EXCLUDED."postprice","NFLTeamId"=EXCLUDED."NFLTeamId" RETURNING "id","name","jersey","preprice","postprice","NFLPositionId","NFLTeamId","createdAt","updatedAt";
INSERT INTO "NFLPlayers" ("id","name","preprice","postprice","NFLPositionId","NFLTeamId","createdAt","updatedAt") VALUES (28115,'Damien Williams',1100,700,2,3,'2021-09-24 14:26:03.806 +00:00','2021-09-24 14:26:03.806 +00:00'),(25178,'Chris Hogan',1100,700,3,18,'2021-09-24 14:26:03.806 +00:00','2021-09-24 14:26:03.806 +00:00'),(27538,'Eric Ebron',1100,700,4,23,'2021-09-24 14:26:03.806 +00:00','2021-09-24 14:26:03.806 +00:00'),(33265,'Salvon Ahmed',1100,700,2,15,'2021-09-24 14:26:03.806 +00:00','2021-09-24 14:26:03.806 +00:00'),(32669,'Jacques Patrick',1100,700,2,25,'2021-09-24 14:26:03.806 +00:00','2021-09-24 14:26:03.806 +00:00'),(32775,'Adam Trautman',1100,700,4,18,'2021-09-24 14:26:03.806 +00:00','2021-09-24 14:26:03.806 +00:00'),(31221,'Justin Jackson',1100,700,2,24,'2021-09-24 14:26:03.806 +00:00','2021-09-24 14:26:03.806 +00:00'),(31379,'Phillip Lindsay',1100,700,2,34,'2021-09-24 14:26:03.806 +00:00','2021-09-24 14:26:03.806 +00:00'),(28990,'Malcolm Brown',1100,700,2,15,'2021-09-24 14:26:03.806 +00:00','2021-09-24 14:26:03.806 +00:00'),(31090,'Will Dissly',1100,700,4,26,'2021-09-24 14:26:03.806 +00:00','2021-09-24 14:26:03.806 +00:00'),(33620,'Mike Strachan',1100,700,3,11,'2021-09-24 14:26:03.806 +00:00','2021-09-24 14:26:03.806 +00:00'),(32857,'Donovan Peoples-Jones',1100,700,3,5,'2021-09-24 14:26:03.806 +00:00','2021-09-24 14:26:03.806 +00:00'),(24851,'Randall Cobb',1100,700,3,9,'2021-09-24 14:26:03.806 +00:00','2021-09-24 14:26:03.806 +00:00'),(29406,'Rashard Higgins',1100,700,3,5,'2021-09-24 14:26:03.806 +00:00','2021-09-24 14:26:03.806 +00:00'),(33586,'Larry Rountree III',1100,700,2,24,'2021-09-24 14:26:03.806 +00:00','2021-09-24 14:26:03.806 +00:00'),(32123,'Olamide Zaccheaus',1100,700,3,1,'2021-09-24 14:26:03.806 +00:00','2021-09-24 14:26:03.806 +00:00'),(30627,'Pharaoh Brown',1100,700,4,34,'2021-09-24 14:26:03.806 +00:00','2021-09-24 14:26:03.806 +00:00'),(32785,'Harrison Bryant',1100,700,4,5,'2021-09-24 14:26:03.806 +00:00','2021-09-24 14:26:03.806 +00:00'),(33514,'Chuba Hubbard',1100,700,2,29,'2021-09-24 14:26:03.806 +00:00','2021-09-24 14:26:03.806 +00:00'),(30275,'Jeremy McNichols',1100,700,2,10,'2021-09-24 14:26:03.806 +00:00','2021-09-24 14:26:03.806 +00:00'),(33408,'Kadarius Toney',1100,700,3,19,'2021-09-24 14:26:03.806 +00:00','2021-09-24 14:26:03.806 +00:00'),(30230,'Josh Reynolds',1100,700,3,10,'2021-09-24 14:26:03.806 +00:00','2021-09-24 14:26:03.806 +00:00'),(27631,'Devonta Freeman',1100,700,2,33,'2021-09-24 14:26:03.806 +00:00','2021-09-24 14:26:03.806 +00:00'),(29560,'Peyton Barber',1100,700,2,13,'2021-09-24 14:26:03.806 +00:00','2021-09-24 14:26:03.806 +00:00'),(31496,'Byron Pringle',1100,700,3,12,'2021-09-24 14:26:03.806 +00:00','2021-09-24 14:26:03.806 +00:00') ON CONFLICT ("id") DO UPDATE SET "preprice"=EXCLUDED."preprice","postprice"=EXCLUDED."postprice","NFLTeamId"=EXCLUDED."NFLTeamId" RETURNING "id","name","jersey","preprice","postprice","NFLPositionId","NFLTeamId","createdAt","updatedAt";
INSERT INTO "NFLPlayers" ("id","name","preprice","postprice","NFLPositionId","NFLTeamId","createdAt","updatedAt") VALUES (33445,'Tutu Atwell',1100,700,3,14,'2021-09-24 14:26:04.423 +00:00','2021-09-24 14:26:04.423 +00:00'),(28461,'Tevin Coleman',1100,700,2,20,'2021-09-24 14:26:04.423 +00:00','2021-09-24 14:26:04.423 +00:00'),(24070,'Jimmy Graham',1100,700,4,3,'2021-09-24 14:26:04.423 +00:00','2021-09-24 14:26:04.423 +00:00'),(33519,'Tylan Wallace',1100,700,3,33,'2021-09-24 14:26:04.423 +00:00','2021-09-24 14:26:04.423 +00:00'),(32456,'Donald Parham Jr.',1100,700,4,24,'2021-09-24 14:26:04.423 +00:00','2021-09-24 14:26:04.423 +00:00'),(26824,'Ryan Griffin',1100,700,4,20,'2021-09-24 14:26:04.423 +00:00','2021-09-24 14:26:04.423 +00:00'),(30112,'Mo Alie-Cox',1100,700,4,11,'2021-09-24 14:26:04.423 +00:00','2021-09-24 14:26:04.423 +00:00'),(31030,'James Washington',1100,700,3,23,'2021-09-24 14:26:04.423 +00:00','2021-09-24 14:26:04.423 +00:00'),(28026,'Willie Snead IV',1100,700,3,13,'2021-09-24 14:26:04.423 +00:00','2021-09-24 14:26:04.423 +00:00'),(29370,'Devontae Booker',1100,700,2,19,'2021-09-24 14:26:04.423 +00:00','2021-09-24 14:26:04.423 +00:00'),(31969,'Foster Moreau',1100,700,4,13,'2021-09-24 14:26:04.423 +00:00','2021-09-24 14:26:04.423 +00:00'),(30614,'Taysom Hill',1100,700,1,18,'2021-09-24 14:26:04.423 +00:00','2021-09-24 14:26:04.423 +00:00'),(33643,'Kylin Hill',1100,700,2,9,'2021-09-24 14:26:04.423 +00:00','2021-09-24 14:26:04.423 +00:00'),(24063,'Andre Roberts',1100,700,3,34,'2021-09-24 14:26:04.423 +00:00','2021-09-24 14:26:04.423 +00:00'),(30552,'Matt Breida',1100,700,2,2,'2021-09-24 14:26:04.423 +00:00','2021-09-24 14:26:04.423 +00:00'),(33533,'Luke Farrell',1100,700,4,30,'2021-09-24 14:26:04.423 +00:00','2021-09-24 14:26:04.423 +00:00'),(30285,'Isaiah McKenzie',1100,700,3,2,'2021-09-24 14:26:04.423 +00:00','2021-09-24 14:26:04.423 +00:00'),(30256,'Marlon Mack',1100,700,2,11,'2021-09-24 14:26:04.423 +00:00','2021-09-24 14:26:04.423 +00:00'),(33590,'Chris Evans',1100,700,2,4,'2021-09-24 14:26:04.423 +00:00','2021-09-24 14:26:04.423 +00:00'),(27174,'Demetrius Harris',1100,700,4,22,'2021-09-24 14:26:04.423 +00:00','2021-09-24 14:26:04.423 +00:00'),(31077,'Chris Herndon',1100,700,4,16,'2021-09-24 14:26:04.423 +00:00','2021-09-24 14:26:04.423 +00:00'),(32036,'Travis Homer',1100,700,2,26,'2021-09-24 14:26:04.423 +00:00','2021-09-24 14:26:04.423 +00:00'),(33391,'Trey Lance',1100,700,1,25,'2021-09-24 14:26:04.423 +00:00','2021-09-24 14:26:04.423 +00:00'),(33465,'Joshua Palmer',1100,700,3,24,'2021-09-24 14:26:04.423 +00:00','2021-09-24 14:26:04.423 +00:00'),(31405,'Cam Sims',1100,700,3,28,'2021-09-24 14:26:04.423 +00:00','2021-09-24 14:26:04.423 +00:00') ON CONFLICT ("id") DO UPDATE SET "preprice"=EXCLUDED."preprice","postprice"=EXCLUDED."postprice","NFLTeamId"=EXCLUDED."NFLTeamId" RETURNING "id","name","jersey","preprice","postprice","NFLPositionId","NFLTeamId","createdAt","updatedAt";
INSERT INTO "NFLPlayers" ("id","name","preprice","postprice","NFLPositionId","NFLTeamId","createdAt","updatedAt") VALUES (31071,'Ian Thomas',1100,700,4,29,'2021-09-24 14:26:05.031 +00:00','2021-09-24 14:26:05.031 +00:00'),(30132,'O.J. Howard',1100,700,4,27,'2021-09-24 14:26:05.031 +00:00','2021-09-24 14:26:05.031 +00:00'),(8826,'DeSean Jackson',1100,700,3,14,'2021-09-24 14:26:05.031 +00:00','2021-09-24 14:26:05.031 +00:00'),(31174,'Trenton Cannon',1100,700,2,25,'2021-09-24 14:26:05.031 +00:00','2021-09-24 14:26:05.031 +00:00'),(31268,'Allen Lazard',1100,700,3,9,'2021-09-24 14:26:05.031 +00:00','2021-09-24 14:26:05.031 +00:00'),(28730,'Damiere Byrd',1100,700,3,3,'2021-09-24 14:26:05.031 +00:00','2021-09-24 14:26:05.031 +00:00'),(32447,'Preston Williams',1100,700,3,15,'2021-09-24 14:26:05.031 +00:00','2021-09-24 14:26:05.031 +00:00'),(32890,'K.J. Hill',1100,700,3,24,'2021-09-24 14:26:05.031 +00:00','2021-09-24 14:26:05.031 +00:00'),(31093,'Durham Smythe',1100,700,4,15,'2021-09-24 14:26:05.031 +00:00','2021-09-24 14:26:05.031 +00:00'),(28634,'Geoff Swaim',1100,700,4,10,'2021-09-24 14:26:05.031 +00:00','2021-09-24 14:26:05.031 +00:00'),(25793,'Mohamed Sanu',1100,700,3,25,'2021-09-24 14:26:05.031 +00:00','2021-09-24 14:26:05.031 +00:00'),(28046,'Albert Wilson',1100,700,3,15,'2021-09-24 14:26:05.031 +00:00','2021-09-24 14:26:05.031 +00:00'),(32511,'Tyron Johnson',1100,700,3,30,'2021-09-24 14:26:05.031 +00:00','2021-09-24 14:26:05.031 +00:00'),(31901,'Josh Oliver',1100,700,4,33,'2021-09-24 14:26:05.031 +00:00','2021-09-24 14:26:05.031 +00:00'),(30287,'Eric Saubert',1100,700,4,7,'2021-09-24 14:26:05.031 +00:00','2021-09-24 14:26:05.031 +00:00'),(32764,'Josiah Deguara',1100,700,4,9,'2021-09-24 14:26:05.031 +00:00','2021-09-24 14:26:05.031 +00:00'),(29789,'Stephen Anderson',1100,700,4,24,'2021-09-24 14:26:05.031 +00:00','2021-09-24 14:26:05.031 +00:00'),(33473,'Amari Rodgers',1100,700,3,9,'2021-09-24 14:26:05.031 +00:00','2021-09-24 14:26:05.031 +00:00'),(32008,'Kaden Smith',1100,700,4,19,'2021-09-24 14:26:05.031 +00:00','2021-09-24 14:26:05.031 +00:00'),(33444,'Dee Eskridge',1100,700,3,26,'2021-09-24 14:26:05.031 +00:00','2021-09-24 14:26:05.031 +00:00'),(32612,'Gunner Olszewski',1100,700,3,17,'2021-09-24 14:26:05.031 +00:00','2021-09-24 14:26:05.031 +00:00'),(29440,'Mike Thomas',1100,700,3,4,'2021-09-24 14:26:05.031 +00:00','2021-09-24 14:26:05.031 +00:00'),(32494,'Lil''Jordan Humphrey',1100,700,3,18,'2021-09-24 14:26:05.031 +00:00','2021-09-24 14:26:05.031 +00:00'),(30227,'Samaje Perine',1100,700,2,4,'2021-09-24 14:26:05.031 +00:00','2021-09-24 14:26:05.031 +00:00'),(33348,'Nick Westbrook-Ikhine',1100,700,3,10,'2021-09-24 14:26:05.031 +00:00','2021-09-24 14:26:05.031 +00:00') ON CONFLICT ("id") DO UPDATE SET "preprice"=EXCLUDED."preprice","postprice"=EXCLUDED."postprice","NFLTeamId"=EXCLUDED."NFLTeamId" RETURNING "id","name","jersey","preprice","postprice","NFLPositionId","NFLTeamId","createdAt","updatedAt";
INSERT INTO "NFLPlayers" ("id","name","preprice","postprice","NFLPositionId","NFLTeamId","createdAt","updatedAt") VALUES (31347,'Christian Blake',1100,700,3,1,'2021-09-24 14:26:05.693 +00:00','2021-09-24 14:26:05.693 +00:00'),(28414,'Breshad Perriman',1100,700,3,3,'2021-09-24 14:26:05.693 +00:00','2021-09-24 14:26:05.693 +00:00'),(32792,'Jacob Eason',1100,700,1,11,'2021-09-24 14:26:05.693 +00:00','2021-09-24 14:26:05.693 +00:00'),(31329,'Ross Dwelley',1100,700,4,25,'2021-09-24 14:26:05.693 +00:00','2021-09-24 14:26:05.693 +00:00'),(29374,'Tajae Sharpe',1100,700,3,1,'2021-09-24 14:26:05.693 +00:00','2021-09-24 14:26:05.693 +00:00'),(29420,'Jakeem Grant',1100,700,3,15,'2021-09-24 14:26:05.693 +00:00','2021-09-24 14:26:05.693 +00:00'),(27624,'Jerick McKinnon',1100,700,2,12,'2021-09-24 14:26:05.693 +00:00','2021-09-24 14:26:05.693 +00:00'),(32831,'Tyler Johnson',1100,700,3,27,'2021-09-24 14:26:05.693 +00:00','2021-09-24 14:26:05.693 +00:00'),(28267,'Cameron Brate',1100,700,4,27,'2021-09-24 14:26:05.693 +00:00','2021-09-24 14:26:05.693 +00:00'),(28482,'Ty Montgomery',1100,700,3,18,'2021-09-24 14:26:05.693 +00:00','2021-09-24 14:26:05.693 +00:00'),(26612,'Darren Fells',1100,700,4,8,'2021-09-24 14:26:05.693 +00:00','2021-09-24 14:26:05.693 +00:00'),(30223,'Dede Westbrook',1100,700,3,16,'2021-09-24 14:26:05.693 +00:00','2021-09-24 14:26:05.693 +00:00'),(33592,'Shi Smith',1100,700,3,29,'2021-09-24 14:26:05.693 +00:00','2021-09-24 14:26:05.693 +00:00'),(30860,'Dare Ogunbowale',1100,700,2,30,'2021-09-24 14:26:05.693 +00:00','2021-09-24 14:26:05.693 +00:00'),(33584,'Gary Brightwell',1100,700,2,19,'2021-09-24 14:26:05.693 +00:00','2021-09-24 14:26:05.693 +00:00'),(28365,'Chris Manhertz',1100,700,4,30,'2021-09-24 14:26:05.693 +00:00','2021-09-24 14:26:05.693 +00:00'),(30150,'Zay Jones',1100,700,3,13,'2021-09-24 14:26:05.693 +00:00','2021-09-24 14:26:05.693 +00:00'),(32344,'Alec Ingold',1100,700,2,13,'2021-09-24 14:26:05.693 +00:00','2021-09-24 14:26:05.693 +00:00'),(31171,'Boston Scott',1100,700,2,21,'2021-09-24 14:26:05.693 +00:00','2021-09-24 14:26:05.693 +00:00'),(26753,'Kyle Juszczyk',1100,700,2,25,'2021-09-24 14:26:05.693 +00:00','2021-09-24 14:26:05.693 +00:00'),(7777,'Marcedes Lewis',1100,700,4,9,'2021-09-24 14:26:05.693 +00:00','2021-09-24 14:26:05.693 +00:00'),(33508,'Rhamondre Stevenson',1100,700,2,17,'2021-09-24 14:26:05.693 +00:00','2021-09-24 14:26:05.693 +00:00'),(32293,'Penny Hart',1100,700,3,26,'2021-09-24 14:26:05.693 +00:00','2021-09-24 14:26:05.693 +00:00'),(32887,'Jauan Jennings',1100,700,3,25,'2021-09-24 14:26:05.693 +00:00','2021-09-24 14:26:05.693 +00:00'),(30396,'Keelan Cole Sr.',1100,700,3,20,'2021-09-24 14:26:05.693 +00:00','2021-09-24 14:26:05.693 +00:00') ON CONFLICT ("id") DO UPDATE SET "preprice"=EXCLUDED."preprice","postprice"=EXCLUDED."postprice","NFLTeamId"=EXCLUDED."NFLTeamId" RETURNING "id","name","jersey","preprice","postprice","NFLPositionId","NFLTeamId","createdAt","updatedAt";
INSERT INTO "NFLPlayers" ("id","name","preprice","postprice","NFLPositionId","NFLTeamId","createdAt","updatedAt") VALUES (31223,'Auden Tate',1100,700,3,4,'2021-09-24 14:26:06.271 +00:00','2021-09-24 14:26:06.271 +00:00'),(33621,'Jake Funk',1100,700,2,14,'2021-09-24 14:26:06.271 +00:00','2021-09-24 14:26:06.271 +00:00'),(30997,'Rashaad Penny',1100,700,2,26,'2021-09-24 14:26:06.271 +00:00','2021-09-24 14:26:06.271 +00:00'),(33545,'Ihmir Smith-Marsette',1100,700,3,16,'2021-09-24 14:26:06.271 +00:00','2021-09-24 14:26:06.271 +00:00'),(32814,'DeeJay Dallas',1100,700,2,26,'2021-09-24 14:26:06.271 +00:00','2021-09-24 14:26:06.271 +00:00'),(30494,'Ricky Seals-Jones',1100,700,4,28,'2021-09-24 14:26:06.271 +00:00','2021-09-24 14:26:06.271 +00:00'),(32292,'Ashton Dulin',1100,700,3,11,'2021-09-24 14:26:06.271 +00:00','2021-09-24 14:26:06.271 +00:00'),(28505,'Blake Bell',1100,700,4,12,'2021-09-24 14:26:06.271 +00:00','2021-09-24 14:26:06.271 +00:00'),(29405,'Alex Collins',1100,700,2,26,'2021-09-24 14:26:06.271 +00:00','2021-09-24 14:26:06.271 +00:00'),(32533,'Jeff Smith',1100,700,3,20,'2021-09-24 14:26:06.271 +00:00','2021-09-24 14:26:06.271 +00:00'),(31894,'Andy Isabella',1100,700,3,22,'2021-09-24 14:26:06.271 +00:00','2021-09-24 14:26:06.271 +00:00'),(33367,'Dominique Dafney',1100,700,4,9,'2021-09-24 14:26:06.271 +00:00','2021-09-24 14:26:06.271 +00:00'),(26416,'Derek Carrier',1100,700,4,13,'2021-09-24 14:26:06.271 +00:00','2021-09-24 14:26:06.271 +00:00'),(33644,'Jermar Jefferson',1100,700,2,8,'2021-09-24 14:26:06.271 +00:00','2021-09-24 14:26:06.271 +00:00'),(31884,'Drew Sample',1100,700,4,4,'2021-09-24 14:26:06.271 +00:00','2021-09-24 14:26:06.271 +00:00'),(26813,'Rex Burkhead',1100,700,2,34,'2021-09-24 14:26:06.271 +00:00','2021-09-24 14:26:06.271 +00:00'),(30278,'Jamal Agnew',1100,700,3,30,'2021-09-24 14:26:06.271 +00:00','2021-09-24 14:26:06.271 +00:00'),(31954,'Benny Snell Jr.',1100,700,2,23,'2021-09-24 14:26:06.271 +00:00','2021-09-24 14:26:06.271 +00:00'),(33535,'Brevin Jordan',1100,700,4,34,'2021-09-24 14:26:06.271 +00:00','2021-09-24 14:26:06.271 +00:00'),(33515,'Kylen Granson',1100,700,4,11,'2021-09-24 14:26:06.271 +00:00','2021-09-24 14:26:06.271 +00:00'),(33357,'Reggie Gilliam',1100,700,2,2,'2021-09-24 14:26:06.271 +00:00','2021-09-24 14:26:06.271 +00:00'),(32060,'Tommy Sweeney',1100,700,4,2,'2021-09-24 14:26:06.271 +00:00','2021-09-24 14:26:06.271 +00:00'),(33645,'Dax Milne',1100,700,3,28,'2021-09-24 14:26:06.271 +00:00','2021-09-24 14:26:06.271 +00:00'),(32871,'James Proche',1100,700,3,33,'2021-09-24 14:26:06.271 +00:00','2021-09-24 14:26:06.271 +00:00'),(29410,'Andy Janovich',1100,700,2,5,'2021-09-24 14:26:06.271 +00:00','2021-09-24 14:26:06.271 +00:00') ON CONFLICT ("id") DO UPDATE SET "preprice"=EXCLUDED."preprice","postprice"=EXCLUDED."postprice","NFLTeamId"=EXCLUDED."NFLTeamId" RETURNING "id","name","jersey","preprice","postprice","NFLPositionId","NFLTeamId","createdAt","updatedAt";
INSERT INTO "NFLPlayers" ("id","name","preprice","postprice","NFLPositionId","NFLTeamId","createdAt","updatedAt") VALUES (33471,'Tommy Tremble',1100,700,4,29,'2021-09-24 14:26:06.934 +00:00','2021-09-24 14:26:06.934 +00:00'),(33706,'Jaret Patterson',1100,700,2,28,'2021-09-24 14:26:06.934 +00:00','2021-09-24 14:26:06.934 +00:00'),(30682,'Marcus Kemp',1100,700,3,12,'2021-09-24 14:26:06.934 +00:00','2021-09-24 14:26:06.934 +00:00'),(28141,'Keith Smith',1100,700,2,1,'2021-09-24 14:26:06.934 +00:00','2021-09-24 14:26:06.934 +00:00'),(28548,'Jesse James',1100,700,4,3,'2021-09-24 14:26:06.934 +00:00','2021-09-24 14:26:06.934 +00:00'),(33605,'Khalil Herbert',1100,700,2,3,'2021-09-24 14:26:06.934 +00:00','2021-09-24 14:26:06.934 +00:00'),(33028,'J.J. Taylor',1100,700,2,17,'2021-09-24 14:26:06.934 +00:00','2021-09-24 14:26:06.934 +00:00'),(31041,'Royce Freeman',1100,700,2,29,'2021-09-24 14:26:06.934 +00:00','2021-09-24 14:26:06.934 +00:00'),(30715,'Greg Ward',1100,700,3,21,'2021-09-24 14:26:06.934 +00:00','2021-09-24 14:26:06.934 +00:00'),(33550,'Noah Gray',1100,700,4,12,'2021-09-24 14:26:06.934 +00:00','2021-09-24 14:26:06.934 +00:00'),(32929,'Kendall Hinton',1100,700,3,7,'2021-09-24 14:26:06.934 +00:00','2021-09-24 14:26:06.934 +00:00'),(32761,'Devin Asiasi',1100,700,4,17,'2021-09-24 14:26:06.934 +00:00','2021-09-24 14:26:06.934 +00:00'),(31129,'Daurice Fountain',1100,700,3,12,'2021-09-24 14:26:06.934 +00:00','2021-09-24 14:26:06.934 +00:00'),(32600,'Jody Fortson',1100,700,3,12,'2021-09-24 14:26:06.934 +00:00','2021-09-24 14:26:06.934 +00:00'),(30959,'Brandon Zylstra',1100,700,3,29,'2021-09-24 14:26:06.934 +00:00','2021-09-24 14:26:06.934 +00:00'),(33567,'Simi Fehoko',1100,700,3,6,'2021-09-24 14:26:06.934 +00:00','2021-09-24 14:26:06.934 +00:00'),(30577,'Cethan Carter',1100,700,4,15,'2021-09-24 14:26:06.934 +00:00','2021-09-24 14:26:06.934 +00:00'),(32860,'Charlie Woerner',1100,700,4,25,'2021-09-24 14:26:06.934 +00:00','2021-09-24 14:26:06.934 +00:00'),(31953,'Trevon Wesco',1100,700,4,20,'2021-09-24 14:26:06.934 +00:00','2021-09-24 14:26:06.934 +00:00'),(33124,'Ben Ellefson',1100,700,4,16,'2021-09-24 14:26:06.934 +00:00','2021-09-24 14:26:06.934 +00:00'),(30523,'Darrell Daniels',1100,700,4,22,'2021-09-24 14:26:06.934 +00:00','2021-09-24 14:26:06.934 +00:00'),(33529,'Jacob Harris',1100,700,3,14,'2021-09-24 14:26:06.934 +00:00','2021-09-24 14:26:06.934 +00:00'),(33593,'Racey McMath',1100,700,3,10,'2021-09-24 14:26:06.934 +00:00','2021-09-24 14:26:06.934 +00:00'),(31769,'KhaDarel Hodge',1100,700,3,8,'2021-09-24 14:26:06.934 +00:00','2021-09-24 14:26:06.934 +00:00'),(32729,'Denzel Mims',1100,700,3,20,'2021-09-24 14:26:06.934 +00:00','2021-09-24 14:26:06.934 +00:00') ON CONFLICT ("id") DO UPDATE SET "preprice"=EXCLUDED."preprice","postprice"=EXCLUDED."postprice","NFLTeamId"=EXCLUDED."NFLTeamId" RETURNING "id","name","jersey","preprice","postprice","NFLPositionId","NFLTeamId","createdAt","updatedAt";
INSERT INTO "NFLPlayers" ("id","name","preprice","postprice","NFLPositionId","NFLTeamId","createdAt","updatedAt") VALUES (32806,'Brycen Hopkins',1100,700,4,14,'2021-09-24 14:26:07.500 +00:00','2021-09-24 14:26:07.500 +00:00'),(33891,'Jack Stoll',1100,700,4,21,'2021-09-24 14:26:07.500 +00:00','2021-09-24 14:26:07.500 +00:00'),(24946,'Lee Smith',1100,700,4,1,'2021-09-24 14:26:07.500 +00:00','2021-09-24 14:26:07.500 +00:00'),(31157,'Ray-Ray McCloud III',1100,700,3,23,'2021-09-24 14:26:07.500 +00:00','2021-09-24 14:26:07.500 +00:00'),(30592,'Patrick Ricard',1100,700,2,33,'2021-09-24 14:26:07.500 +00:00','2021-09-24 14:26:07.500 +00:00'),(32561,'Tom Kennedy',1100,700,3,8,'2021-09-24 14:26:07.500 +00:00','2021-09-24 14:26:07.500 +00:00'),(32488,'Malik Taylor',1100,700,3,9,'2021-09-24 14:26:07.500 +00:00','2021-09-24 14:26:07.500 +00:00'),(29951,'C.J. Ham',1100,700,2,16,'2021-09-24 14:26:07.500 +00:00','2021-09-24 14:26:07.500 +00:00'),(33286,'Tyler Mabry',1100,700,4,26,'2021-09-24 14:26:07.500 +00:00','2021-09-24 14:26:07.500 +00:00'),(28974,'Jake Kumerow',1100,700,3,2,'2021-09-24 14:26:07.500 +00:00','2021-09-24 14:26:07.500 +00:00'),(31889,'JJ Arcega-Whiteside',1100,700,3,21,'2021-09-24 14:26:07.500 +00:00','2021-09-24 14:26:07.500 +00:00'),(26389,'Brandon Bolden',1100,700,2,17,'2021-09-24 14:26:07.500 +00:00','2021-09-24 14:26:07.500 +00:00'),(30158,'Adam Shaheen',1100,700,4,15,'2021-09-24 14:26:07.500 +00:00','2021-09-24 14:26:07.500 +00:00'),(33485,'Tre'' McKitty',1100,700,4,24,'2021-09-24 14:26:07.500 +00:00','2021-09-24 14:26:07.500 +00:00'),(30373,'Johnny Mundt',1100,700,4,14,'2021-09-24 14:26:07.500 +00:00','2021-09-24 14:26:07.500 +00:00'),(28556,'Michael Burton',1100,700,2,12,'2021-09-24 14:26:07.500 +00:00','2021-09-24 14:26:07.500 +00:00'),(30661,'Jacob Hollister',1100,700,4,30,'2021-09-24 14:26:07.500 +00:00','2021-09-24 14:26:07.500 +00:00'),(32608,'D''Ernest Johnson',1100,700,2,5,'2021-09-24 14:26:07.500 +00:00','2021-09-24 14:26:07.500 +00:00'),(32790,'La''Mical Perine',1100,700,2,20,'2021-09-24 14:26:07.500 +00:00','2021-09-24 14:26:07.500 +00:00'),(33512,'John Bates',1100,700,4,28,'2021-09-24 14:26:07.500 +00:00','2021-09-24 14:26:07.500 +00:00'),(29666,'J.P. Holtz',1100,700,4,3,'2021-09-24 14:26:07.500 +00:00','2021-09-24 14:26:07.500 +00:00'),(29906,'Eli Penny',1100,700,2,19,'2021-09-24 14:26:07.500 +00:00','2021-09-24 14:26:07.500 +00:00'),(30253,'Wayne Gallman Jr.',1100,700,2,1,'2021-09-24 14:26:07.500 +00:00','2021-09-24 14:26:07.500 +00:00'),(30707,'Corey Clement',1100,700,2,6,'2021-09-24 14:26:07.500 +00:00','2021-09-24 14:26:07.500 +00:00'),(31480,'Jason Cabinda',1100,700,2,8,'2021-09-24 14:26:07.500 +00:00','2021-09-24 14:26:07.500 +00:00') ON CONFLICT ("id") DO UPDATE SET "preprice"=EXCLUDED."preprice","postprice"=EXCLUDED."postprice","NFLTeamId"=EXCLUDED."NFLTeamId" RETURNING "id","name","jersey","preprice","postprice","NFLPositionId","NFLTeamId","createdAt","updatedAt";
INSERT INTO "NFLPlayers" ("id","name","preprice","postprice","NFLPositionId","NFLTeamId","createdAt","updatedAt") VALUES (29102,'Daniel Brown',1100,700,4,20,'2021-09-24 14:26:08.134 +00:00','2021-09-24 14:26:08.134 +00:00'),(32469,'Stanley Morgan',1100,700,3,4,'2021-09-24 14:26:08.134 +00:00','2021-09-24 14:26:08.134 +00:00'),(31100,'Kalen Ballage',1100,700,2,23,'2021-09-24 14:26:08.134 +00:00','2021-09-24 14:26:08.134 +00:00'),(30352,'Noah Brown',1100,700,3,6,'2021-09-24 14:26:08.134 +00:00','2021-09-24 14:26:08.134 +00:00'),(33088,'Jonathan Ward',1100,700,2,22,'2021-09-24 14:26:08.134 +00:00','2021-09-24 14:26:08.134 +00:00'),(32225,'Andrew Beck',1100,700,4,7,'2021-09-24 14:26:08.134 +00:00','2021-09-24 14:26:08.134 +00:00'),(33315,'Nick Bowers',1100,700,4,13,'2021-09-24 14:26:08.134 +00:00','2021-09-24 14:26:08.134 +00:00'),(32137,'Nsimba Webster',1100,700,3,3,'2021-09-24 14:26:08.134 +00:00','2021-09-24 14:26:08.134 +00:00'),(33469,'Hunter Long',1100,700,4,15,'2021-09-24 14:26:08.134 +00:00','2021-09-24 14:26:08.134 +00:00'),(32987,'Gabe Nabers',1100,700,2,24,'2021-09-24 14:26:08.134 +00:00','2021-09-24 14:26:08.134 +00:00'),(28947,'DeAndre Carter',1100,700,3,28,'2021-09-24 14:26:08.134 +00:00','2021-09-24 14:26:08.134 +00:00'),(29470,'Dwayne Washington',1100,700,2,18,'2021-09-24 14:26:08.134 +00:00','2021-09-24 14:26:08.134 +00:00'),(33297,'Xavier Jones',1100,700,2,14,'2021-09-24 14:26:08.134 +00:00','2021-09-24 14:26:08.134 +00:00'),(33266,'Anthony Gordon',1100,700,1,12,'2021-09-24 14:26:08.134 +00:00','2021-09-24 14:26:08.134 +00:00'),(33186,'Hunter Bryant',1100,700,4,8,'2021-09-24 14:26:08.134 +00:00','2021-09-24 14:26:08.134 +00:00'),(33309,'Benny LeMay',1100,700,2,11,'2021-09-24 14:26:08.134 +00:00','2021-09-24 14:26:08.134 +00:00'),(33295,'John Hurst',1100,700,3,27,'2021-09-24 14:26:08.134 +00:00','2021-09-24 14:26:08.134 +00:00'),(33188,'Sandro Platzgummer',1100,700,2,19,'2021-09-24 14:26:08.134 +00:00','2021-09-24 14:26:08.134 +00:00'),(32835,'Collin Johnson',1100,700,3,19,'2021-09-24 14:26:08.134 +00:00','2021-09-24 14:26:08.134 +00:00'),(33303,'Tony Brown',1100,700,3,28,'2021-09-24 14:26:08.134 +00:00','2021-09-24 14:26:08.134 +00:00'),(32838,'John Hightower',1100,700,3,21,'2021-09-24 14:26:08.134 +00:00','2021-09-24 14:26:08.134 +00:00'),(32837,'Jake Fromm',1100,700,1,2,'2021-09-24 14:26:08.134 +00:00','2021-09-24 14:26:08.134 +00:00'),(33294,'Josh Pearson',1100,700,3,27,'2021-09-24 14:26:08.134 +00:00','2021-09-24 14:26:08.134 +00:00'),(33345,'Cameron Scarlett',1100,700,2,26,'2021-09-24 14:26:08.134 +00:00','2021-09-24 14:26:08.134 +00:00'),(33291,'Dom Wood-Anderson',1100,700,4,26,'2021-09-24 14:26:08.134 +00:00','2021-09-24 14:26:08.134 +00:00') ON CONFLICT ("id") DO UPDATE SET "preprice"=EXCLUDED."preprice","postprice"=EXCLUDED."postprice","NFLTeamId"=EXCLUDED."NFLTeamId" RETURNING "id","name","jersey","preprice","postprice","NFLPositionId","NFLTeamId","createdAt","updatedAt";
INSERT INTO "NFLPlayers" ("id","name","preprice","postprice","NFLPositionId","NFLTeamId","createdAt","updatedAt") VALUES (33329,'Lawrence Cager',1100,700,3,20,'2021-09-24 14:26:08.714 +00:00','2021-09-24 14:26:08.714 +00:00'),(33340,'Tommy Hudson',1100,700,4,10,'2021-09-24 14:26:08.714 +00:00','2021-09-24 14:26:08.714 +00:00'),(32859,'Jake Luton',1100,700,1,26,'2021-09-24 14:26:08.714 +00:00','2021-09-24 14:26:08.714 +00:00'),(33214,'Farrod Green',1100,700,4,11,'2021-09-24 14:26:08.714 +00:00','2021-09-24 14:26:08.714 +00:00'),(33235,'Patrick Taylor',1100,700,2,9,'2021-09-24 14:26:08.714 +00:00','2021-09-24 14:26:08.714 +00:00'),(33186,'Hunter Bryant',1100,700,4,8,'2021-09-24 14:26:08.714 +00:00','2021-09-24 14:26:08.714 +00:00'),(33207,'Steven Montez',1100,700,1,8,'2021-09-24 14:26:08.714 +00:00','2021-09-24 14:26:08.714 +00:00'),(33266,'Anthony Gordon',1100,700,1,12,'2021-09-24 14:26:08.714 +00:00','2021-09-24 14:26:08.714 +00:00'),(33291,'Dom Wood-Anderson',1100,700,4,26,'2021-09-24 14:26:08.714 +00:00','2021-09-24 14:26:08.714 +00:00'),(32835,'Collin Johnson',1100,700,3,19,'2021-09-24 14:26:08.714 +00:00','2021-09-24 14:26:08.714 +00:00'),(33345,'Cameron Scarlett',1100,700,2,26,'2021-09-24 14:26:08.714 +00:00','2021-09-24 14:26:08.714 +00:00'),(33294,'Josh Pearson',1100,700,3,27,'2021-09-24 14:26:08.714 +00:00','2021-09-24 14:26:08.714 +00:00'),(32837,'Jake Fromm',1100,700,1,2,'2021-09-24 14:26:08.714 +00:00','2021-09-24 14:26:08.714 +00:00'),(32838,'John Hightower',1100,700,3,21,'2021-09-24 14:26:08.714 +00:00','2021-09-24 14:26:08.714 +00:00'),(33303,'Tony Brown',1100,700,3,28,'2021-09-24 14:26:08.714 +00:00','2021-09-24 14:26:08.714 +00:00'),(33188,'Sandro Platzgummer',1100,700,2,19,'2021-09-24 14:26:08.714 +00:00','2021-09-24 14:26:08.714 +00:00'),(33196,'Chris Finke',1100,700,3,12,'2021-09-24 14:26:08.714 +00:00','2021-09-24 14:26:08.714 +00:00'),(33295,'John Hurst',1100,700,3,27,'2021-09-24 14:26:08.714 +00:00','2021-09-24 14:26:08.714 +00:00'),(33309,'Benny LeMay',1100,700,2,11,'2021-09-24 14:26:08.714 +00:00','2021-09-24 14:26:08.714 +00:00'),(33297,'Xavier Jones',1100,700,2,14,'2021-09-24 14:26:08.714 +00:00','2021-09-24 14:26:08.714 +00:00'),(33299,'Easop Winston Jr.',1100,700,3,18,'2021-09-24 14:26:08.714 +00:00','2021-09-24 14:26:08.714 +00:00'),(33179,'Artavis Pierce',1100,700,2,3,'2021-09-24 14:26:08.714 +00:00','2021-09-24 14:26:08.714 +00:00'),(26822,'Theo Riddick',1100,700,2,13,'2021-09-24 14:26:08.714 +00:00','2021-09-24 14:26:08.714 +00:00'),(26756,'Levine Toilolo',1100,700,4,19,'2021-09-24 14:26:08.714 +00:00','2021-09-24 14:26:08.714 +00:00'),(33171,'Mitchell Wilcox',1100,700,4,4,'2021-09-24 14:26:08.714 +00:00','2021-09-24 14:26:08.714 +00:00') ON CONFLICT ("id") DO UPDATE SET "preprice"=EXCLUDED."preprice","postprice"=EXCLUDED."postprice","NFLTeamId"=EXCLUDED."NFLTeamId" RETURNING "id","name","jersey","preprice","postprice","NFLPositionId","NFLTeamId","createdAt","updatedAt";
INSERT INTO "NFLPlayers" ("id","name","preprice","postprice","NFLPositionId","NFLTeamId","createdAt","updatedAt") VALUES (32837,'Jake Fromm',1100,700,1,2,'2021-09-24 14:26:09.334 +00:00','2021-09-24 14:26:09.334 +00:00'),(33303,'Tony Brown',1100,700,3,28,'2021-09-24 14:26:09.334 +00:00','2021-09-24 14:26:09.334 +00:00'),(33266,'Anthony Gordon',1100,700,1,12,'2021-09-24 14:26:09.334 +00:00','2021-09-24 14:26:09.334 +00:00'),(33188,'Sandro Platzgummer',1100,700,2,19,'2021-09-24 14:26:09.334 +00:00','2021-09-24 14:26:09.334 +00:00'),(33295,'John Hurst',1100,700,3,27,'2021-09-24 14:26:09.334 +00:00','2021-09-24 14:26:09.334 +00:00'),(33309,'Benny LeMay',1100,700,2,11,'2021-09-24 14:26:09.334 +00:00','2021-09-24 14:26:09.334 +00:00'),(33186,'Hunter Bryant',1100,700,4,8,'2021-09-24 14:26:09.334 +00:00','2021-09-24 14:26:09.334 +00:00'),(33297,'Xavier Jones',1100,700,2,14,'2021-09-24 14:26:09.334 +00:00','2021-09-24 14:26:09.334 +00:00'),(33299,'Easop Winston Jr.',1100,700,3,18,'2021-09-24 14:26:09.334 +00:00','2021-09-24 14:26:09.334 +00:00'),(26822,'Theo Riddick',1100,700,2,13,'2021-09-24 14:26:09.334 +00:00','2021-09-24 14:26:09.334 +00:00'),(33302,'Ja''Marcus Bradley',1100,700,3,5,'2021-09-24 14:26:09.334 +00:00','2021-09-24 14:26:09.334 +00:00'),(26756,'Levine Toilolo',1100,700,4,19,'2021-09-24 14:26:09.334 +00:00','2021-09-24 14:26:09.334 +00:00'),(33171,'Mitchell Wilcox',1100,700,4,4,'2021-09-24 14:26:09.334 +00:00','2021-09-24 14:26:09.334 +00:00'),(33196,'Chris Finke',1100,700,3,12,'2021-09-24 14:26:09.334 +00:00','2021-09-24 14:26:09.334 +00:00'),(33207,'Steven Montez',1100,700,1,8,'2021-09-24 14:26:09.334 +00:00','2021-09-24 14:26:09.334 +00:00'),(32859,'Jake Luton',1100,700,1,26,'2021-09-24 14:26:09.334 +00:00','2021-09-24 14:26:09.334 +00:00'),(33235,'Patrick Taylor',1100,700,2,9,'2021-09-24 14:26:09.334 +00:00','2021-09-24 14:26:09.334 +00:00'),(33314,'Nate Wieting',1100,700,4,19,'2021-09-24 14:26:09.334 +00:00','2021-09-24 14:26:09.334 +00:00'),(26781,'Luke Willson',1100,700,4,26,'2021-09-24 14:26:09.334 +00:00','2021-09-24 14:26:09.334 +00:00'),(32841,'Isaiah Coulter',1100,700,3,3,'2021-09-24 14:26:09.334 +00:00','2021-09-24 14:26:09.334 +00:00'),(33258,'Bryce Perkins',1100,700,1,14,'2021-09-24 14:26:09.334 +00:00','2021-09-24 14:26:09.334 +00:00'),(33267,'Aaron Fuller',1100,700,3,26,'2021-09-24 14:26:09.334 +00:00','2021-09-24 14:26:09.334 +00:00'),(26777,'Chris Thompson',1100,700,2,25,'2021-09-24 14:26:09.334 +00:00','2021-09-24 14:26:09.334 +00:00'),(33254,'J.J. Koski',1100,700,3,14,'2021-09-24 14:26:09.334 +00:00','2021-09-24 14:26:09.334 +00:00'),(33253,'Trishton Jackson',1100,700,3,16,'2021-09-24 14:26:09.334 +00:00','2021-09-24 14:26:09.334 +00:00') ON CONFLICT ("id") DO UPDATE SET "preprice"=EXCLUDED."preprice","postprice"=EXCLUDED."postprice","NFLTeamId"=EXCLUDED."NFLTeamId" RETURNING "id","name","jersey","preprice","postprice","NFLPositionId","NFLTeamId","createdAt","updatedAt";
INSERT INTO "NFLPlayers" ("id","name","preprice","postprice","NFLPositionId","NFLTeamId","createdAt","updatedAt") VALUES (32835,'Collin Johnson',1100,700,3,19,'2021-09-24 14:26:09.943 +00:00','2021-09-24 14:26:09.943 +00:00'),(33291,'Dom Wood-Anderson',1100,700,4,26,'2021-09-24 14:26:09.943 +00:00','2021-09-24 14:26:09.943 +00:00'),(33207,'Steven Montez',1100,700,1,8,'2021-09-24 14:26:09.943 +00:00','2021-09-24 14:26:09.943 +00:00'),(33235,'Patrick Taylor',1100,700,2,9,'2021-09-24 14:26:09.943 +00:00','2021-09-24 14:26:09.943 +00:00'),(33200,'Josh Hokit',1100,700,2,25,'2021-09-24 14:26:09.943 +00:00','2021-09-24 14:26:09.943 +00:00'),(33329,'Lawrence Cager',1100,700,3,20,'2021-09-24 14:26:09.943 +00:00','2021-09-24 14:26:09.943 +00:00'),(33279,'Reid Sinnett',1100,700,1,15,'2021-09-24 14:26:09.943 +00:00','2021-09-24 14:26:09.943 +00:00'),(32842,'Jason Huntley',1100,700,2,21,'2021-09-24 14:26:09.943 +00:00','2021-09-24 14:26:09.943 +00:00'),(33208,'Thaddeus Moss',1100,700,4,4,'2021-09-24 14:26:09.943 +00:00','2021-09-24 14:26:09.943 +00:00'),(33274,'Travis Jonsen',1100,700,3,27,'2021-09-24 14:26:09.943 +00:00','2021-09-24 14:26:09.943 +00:00'),(33209,'Isaiah Wright',1100,700,3,28,'2021-09-24 14:26:09.943 +00:00','2021-09-24 14:26:09.943 +00:00'),(33214,'Farrod Green',1100,700,4,11,'2021-09-24 14:26:09.943 +00:00','2021-09-24 14:26:09.943 +00:00'),(33215,'DeMichael Harris',1100,700,3,11,'2021-09-24 14:26:09.943 +00:00','2021-09-24 14:26:09.943 +00:00'),(33340,'Tommy Hudson',1100,700,4,10,'2021-09-24 14:26:09.943 +00:00','2021-09-24 14:26:09.943 +00:00'),(33199,'JaMycal Hasty',1100,700,2,25,'2021-09-24 14:26:09.943 +00:00','2021-09-24 14:26:09.943 +00:00'),(33314,'Nate Wieting',1100,700,4,19,'2021-09-24 14:26:09.943 +00:00','2021-09-24 14:26:09.943 +00:00'),(33229,'Jalen Morton',1100,700,1,11,'2021-09-24 14:26:09.943 +00:00','2021-09-24 14:26:09.943 +00:00'),(33236,'Matt Cole',1100,700,3,19,'2021-09-24 14:26:09.943 +00:00','2021-09-24 14:26:09.943 +00:00'),(33302,'Ja''Marcus Bradley',1100,700,3,5,'2021-09-24 14:26:09.943 +00:00','2021-09-24 14:26:09.943 +00:00'),(33253,'Trishton Jackson',1100,700,3,16,'2021-09-24 14:26:09.943 +00:00','2021-09-24 14:26:09.943 +00:00'),(33254,'J.J. Koski',1100,700,3,14,'2021-09-24 14:26:09.943 +00:00','2021-09-24 14:26:09.943 +00:00'),(33267,'Aaron Fuller',1100,700,3,26,'2021-09-24 14:26:09.943 +00:00','2021-09-24 14:26:09.943 +00:00'),(33258,'Bryce Perkins',1100,700,1,14,'2021-09-24 14:26:09.943 +00:00','2021-09-24 14:26:09.943 +00:00'),(32841,'Isaiah Coulter',1100,700,3,3,'2021-09-24 14:26:09.943 +00:00','2021-09-24 14:26:09.943 +00:00'),(26781,'Luke Willson',1100,700,4,26,'2021-09-24 14:26:09.943 +00:00','2021-09-24 14:26:09.943 +00:00') ON CONFLICT ("id") DO UPDATE SET "preprice"=EXCLUDED."preprice","postprice"=EXCLUDED."postprice","NFLTeamId"=EXCLUDED."NFLTeamId" RETURNING "id","name","jersey","preprice","postprice","NFLPositionId","NFLTeamId","createdAt","updatedAt";
INSERT INTO "NFLPlayers" ("id","name","preprice","postprice","NFLPositionId","NFLTeamId","createdAt","updatedAt") VALUES (26534,'Justin Tucker',1100,700,5,33,'2021-09-24 14:26:10.515 +00:00','2021-09-24 14:26:10.515 +00:00'),(31137,'Daniel Carlson',1100,700,5,13,'2021-09-24 14:26:10.515 +00:00','2021-09-24 14:26:10.515 +00:00'),(8565,'Matt Prater',1100,700,5,22,'2021-09-24 14:26:10.515 +00:00','2021-09-24 14:26:10.515 +00:00'),(25881,'Greg Zuerlein',1100,700,5,6,'2021-09-24 14:26:10.515 +00:00','2021-09-24 14:26:10.515 +00:00'),(8432,'Nick Folk',1100,700,5,17,'2021-09-24 14:26:10.515 +00:00','2021-09-24 14:26:10.515 +00:00'),(32858,'Tyler Bass',1100,700,5,2,'2021-09-24 14:26:10.515 +00:00','2021-09-24 14:26:10.515 +00:00'),(9520,'Ryan Succop',1100,700,5,27,'2021-09-24 14:26:10.515 +00:00','2021-09-24 14:26:10.515 +00:00'),(31977,'Matt Gay',1100,700,5,14,'2021-09-24 14:26:10.515 +00:00','2021-09-24 14:26:10.515 +00:00'),(30346,'Harrison Butker',1100,700,5,12,'2021-09-24 14:26:10.515 +00:00','2021-09-24 14:26:10.515 +00:00'),(27120,'Brandon McManus',1100,700,5,7,'2021-09-24 14:26:10.515 +00:00','2021-09-24 14:26:10.515 +00:00'),(28188,'Chris Boswell',1100,700,5,23,'2021-09-24 14:26:10.515 +00:00','2021-09-24 14:26:10.515 +00:00'),(28378,'Jason Myers',1100,700,5,26,'2021-09-24 14:26:10.515 +00:00','2021-09-24 14:26:10.515 +00:00'),(7520,'Robbie Gould',1100,700,5,25,'2021-09-24 14:26:10.515 +00:00','2021-09-24 14:26:10.515 +00:00'),(9526,'Graham Gano',1100,700,5,19,'2021-09-24 14:26:10.515 +00:00','2021-09-24 14:26:10.515 +00:00'),(28685,'Josh Lambo',1100,700,5,30,'2021-09-24 14:26:10.515 +00:00','2021-09-24 14:26:10.515 +00:00'),(30426,'Younghoe Koo',1100,700,5,1,'2021-09-24 14:26:10.515 +00:00','2021-09-24 14:26:10.515 +00:00'),(32417,'Chase McLaughlin',1100,700,5,5,'2021-09-24 14:26:10.515 +00:00','2021-09-24 14:26:10.515 +00:00'),(31538,'Greg Joseph',1100,700,5,16,'2021-09-24 14:26:10.515 +00:00','2021-09-24 14:26:10.515 +00:00'),(30337,'Zane Gonzalez',1100,700,5,29,'2021-09-24 14:26:10.515 +00:00','2021-09-24 14:26:10.515 +00:00'),(30266,'Jake Elliott',1100,700,5,21,'2021-09-24 14:26:10.515 +00:00','2021-09-24 14:26:10.515 +00:00'),(33211,'Rodrigo Blankenship',1100,700,5,11,'2021-09-24 14:26:10.515 +00:00','2021-09-24 14:26:10.515 +00:00'),(8447,'Mason Crosby',1100,700,5,9,'2021-09-24 14:26:10.515 +00:00','2021-09-24 14:26:10.515 +00:00'),(31808,'Tristan Vizcaino',1100,700,5,24,'2021-09-24 14:26:10.515 +00:00','2021-09-24 14:26:10.515 +00:00'),(31199,'Jason Sanders',1100,700,5,15,'2021-09-24 14:26:10.515 +00:00','2021-09-24 14:26:10.515 +00:00'),(25871,'Randy Bullock',1100,700,5,10,'2021-09-24 14:26:10.515 +00:00','2021-09-24 14:26:10.515 +00:00') ON CONFLICT ("id") DO UPDATE SET "preprice"=EXCLUDED."preprice","postprice"=EXCLUDED."postprice","NFLTeamId"=EXCLUDED."NFLTeamId" RETURNING "id","name","jersey","preprice","postprice","NFLPositionId","NFLTeamId","createdAt","updatedAt";
